# scenario=1b, ego_maneuver=stem_right, seed=3499, episode_idx=43, terminal_step=420, collision_agent_id=unknown
step,ego_x,ego_y,ego_psi,ego_v,ego_a,action,reward,min_ttc,n_agents,collision_agent_id,terminal_flag
0,54.8,4.119999999999999,0.0,0.2,2.0,3,0.0700000000000307,10.0,0,none,0
1,54.8,4.159999999999999,0.0,0.4,2.0,3,0.14999999999997612,10.0,0,none,0
2,54.8,4.219999999999999,0.0,0.6000000000000001,2.0000000000000004,3,0.23000000000000684,10.0,0,none,0
3,54.8,4.299999999999999,0.0,0.8,1.9999999999999996,3,0.3099999999999949,10.0,0,none,0
4,54.8,4.339999999999999,0.0,0.4,-4.0,4,-0.3999999999999812,10.0,0,none,0
5,54.8,4.399999999999999,0.0,0.6000000000000001,2.0000000000000004,3,0.18000000000000682,10.0,0,none,0
6,54.8,4.479999999999999,0.0,0.8,1.9999999999999996,3,0.30999999999995226,72.30954289888035,1,none,0
7,54.8,4.519999999999999,0.0,0.4,-4.0,4,-0.3999999999999812,22.30323402180284,1,none,0
8,54.8,4.557499999999998,0.0,0.375,-0.2500000000000002,2,0.09000000000002557,19.976045100365255,1,none,0
9,54.8,4.614999999999998,0.0,0.575,1.9999999999999996,3,0.17000000000001364,20.937322280797943,1,none,0
10,54.8,4.669999999999998,0.0,0.5499999999999999,-0.2500000000000002,2,0.1599999999999352,21.842724144004244,1,none,0
11,54.8,4.744999999999998,0.0,0.75,2.0000000000000004,3,0.24000000000005117,18.388894388790124,1,none,0
12,54.8,4.839999999999998,0.0,0.95,1.9999999999999996,3,0.36999999999999655,20.461386711654857,1,none,0
13,54.8,4.954999999999998,0.0,1.15,1.9999999999999996,3,0.44999999999998463,19.066240012864775,1,none,0
14,54.8,5.089999999999998,0.0,1.3499999999999999,1.9999999999999996,3,0.5300000000000153,18.406673123761628,1,none,0
15,54.8,5.244999999999998,0.0,1.5499999999999998,1.9999999999999996,3,0.6100000000000034,18.108542687521492,1,none,0
16,54.8,5.3599999999999985,0.0,1.15,-3.999999999999999,4,-0.10000000000001537,18.10353978053061,1,none,0
17,54.8,5.449999999999998,0.0,0.8999999999999999,-2.5,0,0.29999999999996757,17.834310701458936,1,none,0
18,54.8,5.559999999999999,0.0,1.0999999999999999,1.9999999999999996,3,0.3800000000000409,20.31137012408627,1,none,0
19,54.8,5.689999999999999,0.0,1.2999999999999998,1.9999999999999996,3,0.5099999999999864,17.694666126696394,1,none,0
20,54.8,5.817499999999999,0.0,1.275,-0.2499999999999991,2,0.4499999999999932,18.872264939202555,2,none,0
21,54.8,5.964999999999999,0.0,1.4749999999999999,1.9999999999999996,3,0.5300000000000238,16.32946558300759,2,none,0
22,54.8,6.1324999999999985,0.0,1.6749999999999998,1.9999999999999996,3,0.6599999999999693,16.44612397435205,2,none,0
23,54.8,6.3199999999999985,0.0,1.8749999999999998,1.9999999999999996,3,0.74,17.42972565737918,2,none,0
24,54.8,6.482499999999997,0.0,1.6249999999999998,-2.5,0,0.5899999999999829,18.04442324970343,2,none,0
25,54.8,6.664999999999998,0.0,1.8249999999999997,1.9999999999999996,3,0.6700000000000136,16.375738163630235,2,none,0
26,54.8,6.867499999999998,0.0,2.025,2.0000000000000018,3,0.8000000000000443,14.616604349673835,2,none,0
27,54.8,7.089999999999998,0.0,2.225,2.0000000000000018,3,0.8799999999999898,15.495889128781268,2,none,0
28,54.8,7.332499999999998,0.0,2.4250000000000003,2.0000000000000018,3,0.9599999999999779,15.160065640456446,2,none,0
29,54.8,7.594999999999998,0.0,2.6250000000000004,2.0000000000000018,3,1.0400000000000085,14.005830601899788,2,none,0
30,54.8,7.854999999999998,0.0,2.6000000000000005,-0.2499999999999991,2,0.9799999999999727,13.104055139729148,2,none,0
31,54.8,8.134999999999998,0.0,2.8000000000000007,2.0000000000000018,3,1.0600000000000034,12.954375189900405,2,none,0
32,54.8,8.434999999999999,0.0,3.000000000000001,2.0000000000000018,3,1.1900000000000341,12.211856111918236,2,none,0
33,54.8,8.754999999999999,0.0,3.200000000000001,2.0000000000000018,3,1.2699999999999796,11.58681652193252,2,none,0
34,54.8,9.094999999999999,0.0,3.4000000000000012,2.0000000000000018,3,1.3500000000000103,11.169408198277731,2,none,0
35,54.8,9.454999999999998,0.0,3.6000000000000014,2.0000000000000018,3,1.4299999999999984,10.559932354029492,2,none,0
36,54.8,9.834999999999999,0.0,3.8000000000000016,2.0000000000000018,3,1.510000000000029,10.607926519568721,2,none,0
37,54.8,10.235,0.0,4.000000000000002,2.0000000000000018,3,1.5899999999999745,10.092602872188593,2,none,0
38,54.8,10.655,0.0,4.200000000000002,2.0000000000000018,3,1.6700000000000053,9.3795028114949,2,none,0
39,54.8,11.094999999999999,0.0,4.400000000000002,2.0000000000000018,3,1.7499999999999933,8.87227504516783,2,none,0
40,54.8,11.555,0.0,4.600000000000002,2.0000000000000018,3,1.830000000000024,8.416493603376061,2,none,0
41,54.8,12.0125,0.0,4.575000000000003,-0.24999999999999467,2,1.7699999999999456,8.321462655227094,2,none,0
42,54.8,12.49,0.0,4.775000000000003,2.0000000000000018,3,1.8500000000000616,7.765916035758153,2,none,0
43,54.8,12.927499999999998,0.0,4.3750000000000036,-3.9999999999999947,4,1.1900000000000004,8.505467288916586,2,none,0
44,54.8,13.362500000000002,0.0,4.350000000000003,-0.25000000000000355,2,1.680000000000007,8.38281202544477,2,none,0
45,54.8,13.817499999999999,0.0,4.550000000000003,2.0000000000000018,3,1.7599999999999525,8.024538149497838,2,none,0
46,54.8,14.2925,0.0,4.7500000000000036,2.0000000000000018,3,1.8899999999999832,7.4744181408248584,2,none,0
47,54.8,14.742500000000001,0.0,4.5000000000000036,-2.5,0,1.7400000000000515,7.8551362773882385,2,none,0
48,54.8,15.1525,0.0,4.100000000000003,-4.0000000000000036,4,1.07999999999999,8.46801571529022,2,none,0
49,54.8,15.582500000000001,0.0,4.300000000000003,2.0000000000000018,3,1.6600000000000208,7.977963717122947,2,none,0
50,54.8,16.01,0.0,4.275000000000004,-0.24999999999999467,2,1.6499999999999424,7.971740221483769,2,none,0
51,54.8,16.457500000000003,0.0,4.475000000000004,2.0000000000000018,3,1.7300000000000584,7.468335341470944,2,none,0
52,54.8,16.902500000000003,0.0,4.450000000000005,-0.24999999999999467,2,1.71999999999998,7.44525424268712,2,none,0
53,54.8,17.322500000000005,0.0,4.200000000000005,-2.5,0,1.6200000000000057,7.821717234028228,2,none,0
54,54.8,17.702500000000004,0.0,3.8000000000000047,-3.999999999999999,4,0.9600000000000295,8.457203142439003,2,none,0
55,54.8,18.102500000000006,0.0,4.000000000000004,1.9999999999999973,3,1.539999999999975,8.057163741111813,2,none,0
56,54.8,18.522500000000008,0.0,4.200000000000005,2.0000000000000018,3,1.6700000000000057,7.62391145172363,2,none,0
57,54.8,18.94000000000001,0.0,4.175000000000004,-0.25000000000000355,2,1.6100000000000123,7.3820051462167795,2,none,0
58,54.8,19.31750000000001,0.0,3.7750000000000044,-3.999999999999999,4,0.9499999999999935,7.821774891384816,2,none,0
59,54.8,19.71500000000001,0.0,3.9750000000000045,2.0000000000000018,3,1.5299999999999816,7.754022220929716,2,none,0
60,54.8,20.13250000000001,0.0,4.175000000000004,1.9999999999999973,3,1.660000000000055,7.211944092602749,2,none,0
61,54.8,20.510000000000012,0.0,3.7750000000000044,-3.999999999999999,4,0.9499999999999935,7.875691512008648,2,none,0
62,54.8,20.907500000000013,0.0,3.9750000000000045,2.0000000000000018,3,1.5299999999999816,7.442323960843736,2,none,0
63,54.8,21.265000000000015,0.0,3.5750000000000046,-3.999999999999999,4,0.8700000000000055,8.129807747716145,2,none,0
64,54.8,21.582500000000014,0.0,3.1750000000000047,-3.999999999999999,4,0.7599999999999869,8.248574506022623,2,none,0
65,54.8,21.920000000000016,0.0,3.375000000000005,2.0000000000000018,3,1.2900000000000176,8.059694074064083,2,none,0
66,54.8,22.217500000000015,0.0,2.975000000000005,-3.999999999999999,4,0.6299999999999988,8.394701103423671,2,none,0
67,54.8,22.475000000000016,0.0,2.575000000000005,-3.999999999999999,4,0.5200000000000227,9.272914843640208,2,none,0
68,54.8,22.752500000000015,0.0,2.7750000000000052,2.0000000000000018,3,1.0500000000000107,8.749366437246433,2,none,0
69,54.8,23.027500000000018,0.0,2.7500000000000053,-0.2499999999999991,2,1.039999999999975,8.693786994596234,2,none,0
70,54.8,23.30000000000002,0.0,2.7250000000000054,-0.2499999999999991,2,1.0799999999999819,8.800059992733443,2,none,0
71,54.8,23.570000000000018,0.0,2.7000000000000055,-0.2499999999999991,2,1.0700000000000314,8.36011179382363,2,none,0
72,54.8,23.81500000000002,0.0,2.4500000000000055,-2.5,0,0.9200000000000141,8.561790059866278,2,none,0
73,54.8,24.08000000000002,0.0,2.6500000000000057,2.0000000000000018,3,0.9999999999999596,8.727017759212458,2,none,0
74,54.8,24.34250000000002,0.0,2.6250000000000058,-0.2499999999999991,2,0.9900000000000517,7.886913918270232,2,none,0
75,54.8,24.62500000000002,0.0,2.825000000000006,2.0000000000000018,3,1.0699999999999972,7.678548539728815,2,none,0
76,54.8,24.867500000000017,0.0,2.425000000000006,-3.999999999999999,4,0.40999999999997844,8.237441667106335,2,none,0
77,54.8,25.07000000000002,0.0,2.025000000000006,-3.999999999999999,4,0.3000000000000023,8.562790517528047,2,none,0
78,54.8,25.292500000000018,0.0,2.2250000000000063,2.0000000000000018,3,0.8299999999999903,8.634746727760305,2,none,0
79,54.8,25.49000000000002,0.0,1.9750000000000063,-2.5,0,0.730000000000016,8.816379424152526,2,none,0
80,54.8,25.682500000000022,0.0,1.9250000000000063,-0.5000000000000004,1,0.709999999999987,9.18584440932376,2,none,0
81,54.8,25.87250000000002,0.0,1.9000000000000061,-0.25000000000000133,2,0.7000000000000364,9.08647324549886,2,none,0
82,54.8,26.022500000000022,0.0,1.5000000000000062,-3.999999999999999,4,0.03999999999997504,9.243842213923587,2,none,0
83,54.8,26.192500000000027,0.0,1.7000000000000062,1.9999999999999996,3,0.6200000000000057,9.50327979861831,2,none,0
84,54.8,26.360000000000028,0.0,1.675000000000006,-0.25000000000000133,2,0.6100000000000125,8.709669695635808,2,none,0
85,54.8,26.487500000000026,0.0,1.2750000000000061,-3.999999999999999,4,-0.05000000000000622,8.677929215260415,2,none,0
86,54.8,26.610000000000028,0.0,1.225000000000006,-0.5000000000000004,1,0.43000000000000743,9.678710883983088,2,none,0
87,54.8,26.75250000000003,0.0,1.425000000000006,1.9999999999999996,3,0.5099999999999955,8.557576077904585,2,none,0
88,54.8,26.91500000000003,0.0,1.625000000000006,1.9999999999999996,3,0.6400000000000262,8.65921000789538,2,none,0
89,54.8,27.097500000000032,0.0,1.825000000000006,1.9999999999999996,3,0.7199999999999716,7.494659140997217,2,none,0
90,54.8,27.240000000000034,0.0,1.425000000000006,-3.999999999999999,4,0.010000000000038131,7.93592877759331,2,none,0
91,54.8,27.34250000000003,0.0,1.0250000000000061,-3.999999999999999,4,-0.10000000000002329,7.445410604491417,2,none,0
92,54.8,27.46500000000004,0.0,1.225000000000006,1.9999999999999996,3,0.43000000000000743,7.968537855841026,2,none,0
93,54.8,27.60750000000004,0.0,1.425000000000006,1.9999999999999996,3,0.5600000000000381,7.758072789014392,2,none,0
94,54.8,27.770000000000042,0.0,1.625000000000006,1.9999999999999996,3,0.6399999999999836,7.245273108888422,2,none,0
95,54.8,27.952500000000036,0.0,1.825000000000006,1.9999999999999996,3,0.7200000000000142,6.376850232440068,2,none,0
96,54.8,28.15500000000004,0.0,2.025000000000006,2.0000000000000018,3,0.8000000000000023,5.92644258529386,2,none,0
97,54.8,28.31750000000004,0.0,1.6250000000000062,-3.999999999999999,4,0.0900000000000049,6.1419244854150765,2,none,0
98,54.8,28.440000000000044,0.0,1.2250000000000063,-3.999999999999999,4,-0.01999999999999258,6.711159364087857,2,none,0
99,54.8,28.560000000000045,0.0,1.2000000000000064,-0.2499999999999991,2,0.419999999999993,7.673265973179359,2,none,0
100,54.8,28.640000000000047,0.0,0.8000000000000064,-4.0,4,-0.23999999999998317,8.593440672231248,2,none,0
101,54.8,28.69500000000005,0.0,0.5500000000000064,-2.5,0,0.1599999999999998,8.319718152882245,2,none,0
102,54.8,28.770000000000046,0.0,0.7500000000000064,2.0000000000000004,3,0.23999999999998783,8.480809364320702,2,none,0
103,54.8,28.865000000000045,0.0,0.9500000000000064,1.9999999999999996,3,0.3699999999999972,7.158634461133953,2,none,0
104,54.8,28.920000000000044,0.0,0.5500000000000064,-4.0,4,-0.3400000000000002,27.875783806660763,2,none,0
105,54.8,28.97750000000005,0.0,0.5750000000000064,0.2500000000000002,1,0.1700000000000143,27.815180605716648,2,none,0
106,54.8,29.055000000000042,0.0,0.7750000000000064,1.9999999999999996,3,0.2500000000000024,25.464749418185743,2,none,0
107,54.8,29.093750000000046,0.0,0.3875000000000032,-3.8750000000000315,4,-0.4049999999999988,30.622079635823486,2,none,0
108,54.8,29.152500000000046,0.0,0.5875000000000032,2.0000000000000004,3,0.17499999999998922,29.916965550301146,2,none,0
109,54.8,29.21375000000005,0.0,0.6125000000000033,0.2500000000000002,1,0.18500000000000372,29.101760896764947,2,none,0
110,54.8,29.272500000000047,0.0,0.5875000000000032,-0.2500000000000002,2,0.17500000000001054,29.065703729673174,2,none,0
111,54.8,29.351250000000046,0.0,0.7875000000000032,1.9999999999999996,3,0.2549999999999986,22.661463325439176,2,none,0
112,54.8,29.427500000000045,0.0,0.7625000000000032,-0.2500000000000002,2,0.24500000000000544,22.829658659817397,2,none,0
113,54.8,29.523750000000053,0.0,0.9625000000000032,2.0000000000000004,3,0.3249999999999935,21.140662455583172,2,none,0
114,54.8,29.64000000000005,0.0,1.1625000000000032,1.9999999999999996,3,0.45500000000000285,17.27862619824271,2,none,0
115,54.8,29.716250000000052,0.0,0.7625000000000032,-4.0,4,-0.25499999999999456,22.422951172938568,2,none,0
116,54.8,29.75437500000005,0.0,0.3812500000000016,-3.8125000000000155,4,-0.35749999999999726,29.094006123062623,2,none,0
117,54.8,29.81250000000005,0.0,0.5812500000000016,2.0,3,0.1725000000000121,28.36627264228217,2,none,0
118,54.8,29.84156250000005,0.0,0.2906250000000008,-2.906250000000008,4,-0.44375000000001524,33.690107345093544,2,none,0
119,54.8,29.89062500000005,0.0,0.4906250000000008,2.0,3,0.13625000000001541,31.314240719801276,2,none,0
120,54.8,29.95968750000005,0.0,0.6906250000000008,2.0,3,0.2662500000000035,23.495413991708137,2,none,0
121,54.8,30.031250000000053,0.0,0.7156250000000008,0.2500000000000002,1,0.22624999999999668,22.698551516763224,2,none,0
122,54.8,30.12281250000005,0.0,0.9156250000000008,1.9999999999999996,3,0.30624999999998476,20.081085785286955,2,none,0
123,54.8,30.17437500000005,0.0,0.5156250000000008,-4.0,4,-0.3537499999999914,29.976100785148034,2,none,0
124,54.8,30.20093750000005,0.0,0.2656250000000008,-2.5,0,0.04624999999999155,30.8721927381121,2,none,0
125,54.8,30.247500000000056,0.0,0.4656250000000008,2.0,3,0.12625000000000092,27.437809401892714,2,none,0
126,54.8,30.270781250000056,0.0,0.2328125000000004,-2.328125000000004,0,0.03312500000001112,31.97714718111727,2,none,0
127,54.8,30.28242187500005,0.0,0.1164062500000002,-1.164062500000002,0,0.036562499999994905,34.09026640618993,2,none,0
128,54.8,30.29656250000005,0.0,0.1414062500000002,0.25000000000000006,1,-0.003437500000011917,36.319675500867,2,none,0
129,54.8,30.33070312500005,0.0,0.34140625000000024,2.0000000000000004,3,0.07656249999999747,29.768989464217263,2,none,0
130,54.8,30.36734375000005,0.0,0.36640625000000027,0.2500000000000002,1,0.08656250000001196,29.550915644865015,2,none,0
131,54.8,30.38566406250005,0.0,0.18320312500000013,-1.8320312500000013,0,0.01328124999998466,31.314787363901637,2,none,0
132,54.8,30.423984375000046,0.0,0.38320312500000014,2.0,3,0.09328125000001534,27.443737948491876,2,none,0
133,54.8,30.45980468750005,0.0,0.3582031250000002,-0.24999999999999967,2,0.08328125000000088,27.654145610779587,2,none,0
134,54.8,30.51562500000005,0.0,0.5582031250000001,1.9999999999999996,3,0.16328124999998894,24.987368816317527,2,none,0
135,54.8,30.59144531250005,0.0,0.7582031250000001,1.9999999999999996,3,0.2932812499999983,21.76955501629153,2,none,0
136,54.8,30.642265625000054,0.0,0.5082031250000001,-2.5,0,0.14328125000000258,28.283485497190505,2,none,0
137,54.8,30.66808593750005,0.0,0.2582031250000001,-2.5,0,0.09328125000000684,32.11791108988758,2,none,0
138,54.8,30.68099609375005,0.0,0.12910156250000004,-1.2910156250000004,0,0.041640625000003414,33.06482354881983,2,none,0
139,54.8,30.69640625000005,0.0,0.15410156250000004,0.24999999999999994,1,0.0016406249999965927,35.259196331436826,2,none,0
140,54.8,30.704111328125048,0.0,0.07705078125000002,-0.7705078125000001,0,-0.02917968750000171,32.68722786660597,2,none,0
141,54.8,30.731816406250044,0.0,0.27705078125000004,2.0,3,0.05082031249998635,33.646847848439094,2,none,0
142,54.8,30.779521484375046,0.0,0.47705078125000006,2.0,3,0.18082031249999575,25.58290928529486,2,none,0
143,54.8,30.82972656250005,0.0,0.50205078125,0.24999999999999967,1,0.14082031250001026,25.75768265815764,2,none,0
144,54.8,30.899931640625045,0.0,0.7020507812500001,2.0000000000000004,3,0.22082031249999834,21.955772581011786,2,none,0
145,54.8,30.945136718750046,0.0,0.4520507812500001,-2.5,0,0.12082031250000257,29.2884493757768,2,none,0
146,54.8,30.99284179687504,0.0,0.4770507812500001,0.2500000000000002,1,0.13082031249999576,24.765288093006063,2,none,0
147,54.8,31.016694335937547,0.0,0.23852539062500006,-2.3852539062500004,4,-0.4645898437500128,32.59279018265963,2,none,0
148,54.8,31.060546875000043,0.0,0.43852539062500007,2.0,3,0.1154101562499966,26.604802618036096,2,none,0
149,54.8,31.082473144531292,0.0,0.21926269531250003,-2.192626953125,0,0.027705078124998297,32.99146215183342,2,none,0
150,54.8,31.124399414062545,0.0,0.41926269531250004,2.0,3,0.10770507812500767,29.05853960244534,2,none,0
151,54.8,31.145362548828167,0.0,0.20963134765625002,-2.0963134765625,4,-0.4761474609375068,31.507768708121954,2,none,0
152,54.8,31.186325683593793,0.0,0.40963134765625003,2.0,3,0.10385253906250257,26.994202708160692,2,none,0
153,54.8,31.229788818359417,0.0,0.43463134765625,0.24999999999999967,1,0.11385253906249575,27.096660986869946,2,none,0
154,54.8,31.270751953125043,0.0,0.40963134765625,-0.2500000000000002,2,0.10385253906250257,28.10324021241324,2,none,0
155,54.8,31.331715087890668,0.0,0.60963134765625,2.0000000000000004,3,0.18385253906251192,22.64770432152528,2,none,0
156,54.8,31.39517822265629,0.0,0.6346313476562501,0.2500000000000002,1,0.1938525390625051,23.002888352442362,2,none,0
157,54.8,31.43364135742192,0.0,0.38463134765625007,-2.5,0,0.09385253906248807,26.46591493458913,2,none,0
158,54.8,31.492104492187543,0.0,0.5846313476562501,2.0000000000000004,3,0.17385253906249748,25.408294305997728,2,none,0
159,54.8,31.570567626953167,0.0,0.7846313476562501,1.9999999999999996,3,0.30385253906250687,20.398241296048827,2,none,0
160,54.8,31.60979919433598,0.0,0.39231567382812504,-3.9231567382812504,4,-0.40307373046874656,29.60862420014689,2,none,0
161,54.8,31.646530761718793,0.0,0.367315673828125,-0.2500000000000002,2,0.08692626953123893,28.977382286047607,2,none,0
162,54.8,31.685762329101607,0.0,0.39231567382812504,0.2500000000000002,1,0.09692626953125343,24.542319028155628,2,none,0
163,54.8,31.74499389648442,0.0,0.592315673828125,1.9999999999999996,3,0.17692626953126278,24.795251762531617,2,none,0
164,54.8,31.77922546386723,0.0,0.342315673828125,-2.5,0,0.07692626953124575,26.55623869395105,2,none,0
165,54.8,31.815957031250043,0.0,0.367315673828125,0.2500000000000002,1,0.08692626953123893,28.94214629992035,2,none,0
166,54.8,31.83432281494145,0.0,0.1836578369140625,-1.836578369140625,0,0.013463134765630116,26.70922912478945,2,none,0
167,54.8,31.843505706787155,0.0,0.09182891845703126,-0.9182891845703125,0,0.026731567382815055,33.36027040397512,2,none,0
168,54.8,31.87268859863286,0.0,0.2918289184570313,2.0000000000000004,3,0.056731567382824435,25.61956182968696,2,none,0
169,54.8,31.88728004455571,0.0,0.14591445922851565,-1.4591445922851565,0,-0.0016342163086090974,28.264434495751402,2,none,0
170,54.8,31.89937149047856,0.0,0.12091445922851565,-0.24999999999999994,2,-0.011634216308580962,30.37151171102014,2,none,0
171,54.8,31.91396293640141,0.0,0.14591445922851565,0.24999999999999994,1,-0.0016342163086090974,31.23713142219904,2,none,0
172,54.8,31.931054382324263,0.0,0.17091445922851564,0.24999999999999994,1,0.058365783691405396,27.636382967582318,2,none,0
173,54.8,31.945645828247113,0.0,0.14591445922851565,-0.24999999999999994,2,-0.0016342163085877812,32.604734323930856,2,none,0
174,54.8,31.980237274169966,0.0,0.34591445922851566,2.0,3,0.07836578369140028,25.49028988923531,2,none,0
175,54.8,32.03482872009282,0.0,0.5459144592285157,2.0,3,0.20836578369140968,22.707285580386593,2,none,0
176,54.8,32.06442016601567,0.0,0.29591445922851567,-2.5,0,0.05836578369141392,25.438934059284673,2,none,0
177,54.8,32.11401161193852,0.0,0.4959144592285157,2.0,3,0.138365783691402,23.89598683875117,2,none,0
178,54.8,32.13880733489995,0.0,0.24795722961425784,-2.479572296142578,0,0.03918289184571165,25.509422293318142,2,none,0
179,54.8,32.151205196380666,0.0,0.12397861480712892,-1.239786148071289,0,0.03959144592285582,27.32747634030848,2,none,0
180,54.8,32.16610305786138,0.0,0.14897861480712893,0.25000000000000006,1,-0.00040855407715099934,28.41342442184651,2,none,0
181,54.8,32.18350091934209,0.0,0.17397861480712892,0.24999999999999994,1,0.059591445922842184,32.01152605865048,2,none,0
182,54.8,32.1983987808228,0.0,0.14897861480712893,-0.24999999999999994,2,-0.00040855407715099934,31.546413105759417,2,none,0
183,54.8,32.233296642303515,0.0,0.34897861480712894,2.0,3,0.07959144592285837,24.083071540353398,2,none,0
184,54.8,32.288194503784226,0.0,0.548978614807129,2.0,3,0.20959144592284645,21.957822159263458,2,none,0
185,54.8,32.31809236526494,0.0,0.29897861480712895,-2.5,0,0.05959144592285072,25.292488081257968,2,none,0
186,54.8,32.367990226745654,0.0,0.49897861480712896,2.0,3,0.1395914459228601,22.132257850890337,2,none,0
187,54.8,32.437888088226366,0.0,0.698978614807129,2.0,3,0.26959144592284817,20.983733466364118,2,none,0
188,54.8,32.48278594970708,0.0,0.448978614807129,-2.5,0,0.11959144592285241,24.228322103783768,2,none,0
189,54.8,32.525183811187794,0.0,0.42397861480712895,-0.2500000000000002,2,0.10959144592285923,26.457888666393057,2,none,0
190,54.8,32.57008167266851,0.0,0.448978614807129,0.2500000000000002,1,0.11959144592285241,23.68049313615895,2,none,0
191,54.8,32.61747953414922,0.0,0.473978614807129,0.2500000000000002,1,0.1795914459228456,21.209702620108033,2,none,0
192,54.8,32.667377395629934,0.0,0.498978614807129,0.2500000000000002,1,0.1895914459228601,24.0870747233895,2,none,0
193,54.8,32.69232632637029,0.0,0.2494893074035645,-2.494893074035645,0,0.03979572296143004,25.468876849332194,2,none,0
194,54.8,32.70480079174047,0.0,0.12474465370178225,-1.2474465370178225,4,-0.5101021385192956,25.6190686634338,2,none,0
195,54.8,32.71977525711065,0.0,0.14974465370178225,0.24999999999999994,1,-0.00010213851928114054,24.638955102006395,2,none,0
196,54.8,32.727262489795734,0.0,0.07487232685089112,-0.7487232685089112,0,-0.03005106925965123,29.86409153087347,2,none,0
197,54.8,32.754749722480824,0.0,0.27487232685089114,2.0,3,0.04994893074035815,23.442528320146845,2,none,0
198,54.8,32.76849333882337,0.0,0.13743616342544557,-1.3743616342544556,0,-0.00502553462982093,24.726570941437856,2,none,0
199,54.8,32.80223695516592,0.0,0.3374361634254456,2.0,3,0.07497446537018845,27.157225290855486,2,none,0
200,54.8,32.81910876333719,0.0,0.1687180817127228,-1.6871808171272278,4,-0.4925127673149058,27.998683654801027,2,none,0
201,54.8,32.85598057150846,0.0,0.3687180817127228,2.0,3,0.08748723268508228,24.224561185128273,2,none,0
202,54.8,32.874416475594096,0.0,0.1843590408563614,-1.843590408563614,0,0.013743616342541135,28.40529101665813,2,none,0
203,54.8,32.89535237967973,0.0,0.2093590408563614,0.24999999999999994,1,0.023743616342534316,25.741100917798562,2,none,0
204,54.8,32.936288283765364,0.0,0.40935904085636143,2.0000000000000004,3,0.10374361634254371,23.31677873940069,2,none,0
205,54.8,32.979724187851,0.0,0.43435904085636146,0.2500000000000002,1,0.1137436163425369,22.936949390709493,2,none,0
206,54.8,33.020660091936634,0.0,0.40935904085636143,-0.2500000000000002,2,0.10374361634254371,22.733243260169495,2,none,0
207,54.8,33.041128043979455,0.0,0.20467952042818072,-2.046795204281807,0,0.02187180817128251,29.066814146636517,2,none,0
208,54.8,33.05909599602227,0.0,0.17967952042818072,-0.24999999999999994,2,0.011871808171268011,24.697537484956555,2,none,0
209,54.8,33.07956394806509,0.0,0.20467952042818072,0.24999999999999994,1,0.02187180817128251,28.45175690533054,2,none,0
210,54.8,33.12003190010791,0.0,0.40467952042818073,2.0,3,0.10187180817127058,21.3132589321859,2,none,0
211,54.8,33.15799985215073,0.0,0.37967952042818076,-0.24999999999999967,2,0.0918718081712774,21.7383578927163,2,none,0
212,54.8,33.19846780419355,0.0,0.4046795204281808,0.2500000000000002,1,0.10187180817127058,21.814265848760044,2,none,0
213,54.8,33.25893575623637,0.0,0.6046795204281807,1.9999999999999996,3,0.18187180817127996,18.381480865280366,2,none,0
214,54.8,33.32190370827919,0.0,0.6296795204281808,0.2500000000000002,1,0.19187180817127314,18.443009125265593,2,none,0
215,54.8,33.40487166032201,0.0,0.8296795204281808,2.0000000000000004,3,0.27187180817128254,15.744649524419318,2,none,0
216,54.8,33.507839612364826,0.0,1.0296795204281808,1.9999999999999996,3,0.40187180817127055,14.387176028700397,2,none,0
217,54.8,33.60932358838623,0.0,1.0148397602140904,-0.14839760214090392,1,0.34593590408562674,13.783265097135416,2,none,0
218,54.8,33.73080756440764,0.0,1.2148397602140903,1.9999999999999996,3,0.42593590408563614,11.83834449658231,2,none,0
219,54.8,33.84729154042905,0.0,1.1648397602140903,-0.5000000000000004,1,0.40593590408562846,12.729317782511409,2,none,0
220,54.8,33.98377551645046,0.0,1.3648397602140903,1.9999999999999996,3,0.48593590408563786,10.622649674141698,2,none,0
221,54.8,34.11775949247187,0.0,1.3398397602140903,-0.2499999999999991,2,0.4759359040856446,10.813474184815368,2,none,0
222,54.8,34.226743468493275,0.0,1.0898397602140903,-2.5,0,0.37593590408562766,12.165196795658723,2,none,0
223,54.8,34.31072744451468,0.0,0.8398397602140903,-2.5,0,0.3259359040856319,14.762522860862711,2,none,0
224,54.8,34.414711420536094,0.0,1.0398397602140903,1.9999999999999996,3,0.3559359040856413,12.840445362319427,2,none,0
225,54.8,34.516703408546796,0.0,1.0199198801070453,-0.1991988010704504,1,0.3479679520428121,12.67960859736412,2,none,0
226,54.8,34.5786953965575,0.0,0.6199198801070452,-4.0,4,-0.3120320479571853,17.43546655752391,2,none,0
227,54.8,34.638187384568205,0.0,0.5949198801070452,-0.2500000000000002,2,0.1779679520428215,17.303862956503885,2,none,0
228,54.8,34.70017937257891,0.0,0.6199198801070452,0.2500000000000002,1,0.1879679520428147,16.698829346763265,2,none,0
229,54.8,34.73117536658426,0.0,0.3099599400535226,-3.099599400535226,4,-0.4360160239785927,22.017459289432793,2,none,0
230,54.8,34.782171360589615,0.0,0.5099599400535226,2.0,3,0.14398397602141672,18.425616480045278,2,none,0
231,54.8,34.83566735459497,0.0,0.5349599400535227,0.2500000000000002,1,0.1539839760214099,19.505904356451843,2,none,0
232,54.8,34.86241535159764,0.0,0.2674799700267613,-2.674799700267613,4,-0.4530080119893057,22.99504631304496,2,none,0
233,54.8,34.909163348600316,0.0,0.46747997002676134,2.0,3,0.12699198801070366,18.08691086178502,2,none,0
234,54.8,34.93253734710166,0.0,0.23373998501338067,-2.3373998501338065,4,-0.4665040059946375,23.80426616265243,2,none,0
235,54.8,34.953411345602994,0.0,0.20873998501338067,-0.24999999999999994,2,0.023495994005347992,22.725820874595517,2,none,0
236,54.8,34.994285344104334,0.0,0.4087399850133807,2.0000000000000004,3,0.10349599400535738,21.069534297705765,2,none,0
237,54.8,35.03265934260567,0.0,0.3837399850133807,-0.2500000000000002,2,0.09349599400534288,18.75909756307609,2,none,0
238,54.8,35.09103334110701,0.0,0.5837399850133806,1.9999999999999996,3,0.17349599400535226,17.557146223406633,2,none,0
239,54.8,35.16940733960835,0.0,0.7837399850133806,1.9999999999999996,3,0.30349599400536165,14.977504507346472,2,none,0
240,54.8,35.208594338859015,0.0,0.3918699925066903,-3.918699925066903,4,-0.40325200299732983,19.826309829118784,2,none,0
241,54.8,35.267781338109685,0.0,0.5918699925066904,2.0000000000000004,3,0.17674799700267957,17.147394313384446,2,none,0
242,54.8,35.32946833736035,0.0,0.6168699925066904,0.2500000000000002,1,0.18674799700267275,17.220185237343692,2,none,0
243,54.8,35.411155336611024,0.0,0.8168699925066905,2.0000000000000004,3,0.2667479970026821,13.197576481094309,2,none,0
244,54.8,35.49534233586169,0.0,0.8418699925066905,0.2500000000000002,1,0.27674799700267533,13.865461715534455,2,none,0
245,54.8,35.58202933511236,0.0,0.8668699925066905,0.2500000000000002,1,0.33674799700266844,13.969033522611973,2,none,0
246,54.8,35.67121633436303,0.0,0.8918699925066905,0.2500000000000002,1,0.346747997002683,13.189997631012373,2,none,0
247,54.8,35.7804033336137,0.0,1.0918699925066906,2.0000000000000004,3,0.3767479970026711,10.499076021798603,2,none,0
248,54.8,35.90959033286437,0.0,1.2918699925066905,1.9999999999999996,3,0.5067479970026805,9.805709333523765,2,none,0
249,54.8,36.03377733211504,0.0,1.2418699925066905,-0.5000000000000004,1,0.43674799700267275,10.147463293369286,2,none,0
250,54.8,36.117964331365705,0.0,0.8418699925066905,-4.0,4,-0.22325200299732467,12.711581849648528,2,none,0
251,54.8,36.22215133061638,0.0,1.0418699925066905,2.0000000000000004,3,0.3567479970026847,10.483005392122937,2,none,0
252,54.8,36.346338329867045,0.0,1.2418699925066905,1.9999999999999996,3,0.48674799700267274,9.225735050834665,2,none,0
253,54.8,36.46552532911772,0.0,1.1918699925066905,-0.5000000000000004,1,0.4167479970026864,9.39559565675269,2,none,0
254,54.8,36.604712328368386,0.0,1.3918699925066904,1.9999999999999996,3,0.4967479970026744,8.51936805773854,2,none,0
255,54.8,36.76389932761906,0.0,1.5918699925066904,1.9999999999999996,3,0.6267479970026838,7.16159741494809,2,none,0
256,54.8,36.943086326869725,0.0,1.7918699925066903,1.9999999999999996,3,0.7067479970026719,6.4305548960877505,2,none,0
257,54.8,37.142273326120396,0.0,1.9918699925066903,1.9999999999999996,3,0.7867479970026813,5.896861708922628,2,none,0
258,54.8,37.30146032537107,0.0,1.5918699925066901,-4.000000000000001,4,0.0767479970026838,6.763938219531731,2,none,0
259,54.8,37.480647324621735,0.0,1.79186999250669,1.9999999999999996,3,0.6567479970026718,6.019395199766469,2,none,0
260,54.8,37.65483432387241,0.0,1.74186999250669,-0.5000000000000004,1,0.6367479970026855,6.364753703515605,2,none,0
261,54.8,37.804021323123074,0.0,1.49186999250669,-2.5,0,0.5367479970026684,7.264095005892777,2,none,0
262,54.8,37.948208322373745,0.0,1.44186999250669,-0.5000000000000004,1,0.516747997002682,7.316557453698563,2,none,0
263,54.8,38.06739532162442,0.0,1.19186999250669,-2.5,0,0.41674799700268633,8.34237738743519,2,none,0
264,54.8,38.18158232087509,0.0,1.14186999250669,-0.5000000000000004,1,0.39674799700267865,8.421332586651612,2,none,0
265,54.8,38.29326932012576,0.0,1.11686999250669,-0.2499999999999991,2,0.38674799700268553,8.782495759353155,2,none,0
266,54.8,38.40245631937643,0.0,1.0918699925066901,-0.2499999999999991,2,0.42674799700267096,8.964470716510101,2,none,0
267,54.8,38.471643318627095,0.0,0.6918699925066901,-4.0,4,-0.28325200299732645,12.33693393869796,2,none,0
268,54.8,38.560830317877766,0.0,0.8918699925066902,2.0000000000000004,3,0.29674799700268295,9.572520781949938,2,none,0
269,54.8,38.64751731712843,0.0,0.8668699925066902,-0.2500000000000002,2,0.28674799700266845,10.258332432281946,2,none,0
270,54.8,38.6942043163791,0.0,0.46686999250669015,-4.0,4,-0.37325200299732897,13.048985704150622,2,none,0
271,54.8,38.74339131562977,0.0,0.49186999250669017,0.2500000000000002,1,0.13674799700268547,14.005221588657154,2,none,0
272,54.8,38.81257831488044,0.0,0.6918699925066902,2.0000000000000004,3,0.21674799700267355,10.778730501608948,2,none,0
273,54.8,38.90176531413111,0.0,0.8918699925066902,1.9999999999999996,3,0.34674799700268294,9.274831507166423,2,none,0
274,54.8,39.01095231338178,0.0,1.0918699925066901,1.9999999999999996,3,0.42674799700267096,7.930114868339488,2,none,0
275,54.8,39.14013931263245,0.0,1.29186999250669,1.9999999999999996,3,0.5067479970026804,7.361362430083152,2,none,0
276,54.8,39.24432631188312,0.0,1.04186999250669,-2.5,0,0.3567479970026846,8.309524892899894,2,none,0
277,54.8,39.346419811508454,0.0,1.0209349962533452,-0.2093499625334494,1,0.3483739985013338,8.565734658422285,2,none,0
278,54.8,39.44746656132112,0.0,1.0104674981266726,-0.10467498126672581,1,0.394186999250669,8.340198795112808,2,none,0
279,54.8,39.52351331113379,0.0,0.7604674981266726,-2.5,0,0.24418699925067328,10.250450424380519,2,none,0
280,54.8,39.57456006094646,0.0,0.5104674981266726,-2.5,0,0.19418699925067756,11.15890019847599,2,none,0
281,54.8,39.600606810759125,0.0,0.2604674981266726,-2.5,0,0.09418699925066051,14.53806412069085,2,none,0
282,54.8,39.64665356057179,0.0,0.4604674981266726,2.0,3,0.12418699925066988,11.634567928697113,2,none,0
283,54.8,39.71270031038446,0.0,0.6604674981266726,2.0,3,0.2541869992506793,10.630550339612313,2,none,0
284,54.8,39.79874706019713,0.0,0.8604674981266727,2.0000000000000004,3,0.3341869992506673,8.441610003381902,2,none,0
285,54.8,39.887293810009794,0.0,0.8854674981266727,0.2500000000000002,1,0.29418699925066055,8.383069398717744,2,none,0
286,54.8,39.99584055982246,0.0,1.0854674981266728,2.0000000000000004,3,0.37418699925066995,7.229729499713203,2,none,0
287,54.8,40.12438730963513,0.0,1.2854674981266727,1.9999999999999996,3,0.5041869992506793,6.542307352161232,2,none,0
288,54.8,40.2729340594478,0.0,1.4854674981266727,1.9999999999999996,3,0.5841869992506673,5.5922120937656095,2,none,0
289,54.8,40.41648080926046,0.0,1.4354674981266726,-0.5000000000000004,1,0.5141869992506596,5.322401373279192,2,none,0
290,54.8,40.53502755907313,0.0,1.1854674981266726,-2.5,0,0.41418699925066393,6.2041854991361935,2,none,0
291,54.8,40.6735743088858,0.0,1.3854674981266726,1.9999999999999996,3,0.4941869992506733,5.166323152711101,2,none,0
292,54.8,40.80962105869846,0.0,1.3604674981266727,-0.2499999999999991,2,0.48418699925065883,5.670419037324204,2,none,0
293,54.8,40.920667808511126,0.0,1.1104674981266727,-2.5,0,0.3841869992506631,6.21621090070084,2,none,0
294,54.8,41.026714558323796,0.0,1.0604674981266726,-0.5000000000000004,1,0.3641869992506767,6.468997234955492,2,none,0
295,54.8,41.15276130813646,0.0,1.2604674981266726,1.9999999999999996,3,0.4441869992506648,5.663973667216573,2,none,0
296,54.8,41.29880805794913,0.0,1.4604674981266725,1.9999999999999996,3,0.5741869992506742,4.944829503439902,2,none,0
297,54.8,41.4048548077618,0.0,1.0604674981266724,-4.000000000000001,4,-0.1358130007493233,5.965440988978721,2,none,0
298,54.8,41.485901557574465,0.0,0.8104674981266724,-2.5,0,0.26418699925065964,7.243134942105972,2,none,0
299,54.8,41.56444830738713,0.0,0.7854674981266724,-0.2500000000000002,2,0.25418699925066646,7.133869220739837,2,none,0
300,54.8,41.6179950571998,0.0,0.5354674981266724,-2.5,0,0.1541869992506707,8.313791236461892,2,none,0
301,54.8,41.64476843210613,0.0,0.2677337490633362,-2.6773374906333616,4,-0.4529065003746646,12.013637494420482,2,none,0
302,54.8,41.674041807012465,0.0,0.29273374906333616,0.24999999999999967,1,0.05709349962532853,11.12467112565863,2,none,0
303,54.8,41.7058151819188,0.0,0.3177337490633362,0.2500000000000002,1,0.11709349962534303,11.673771987412136,2,none,0
304,54.8,41.72170186937197,0.0,0.1588668745316681,-1.5886687453166808,4,-0.4964532501873285,12.208400137652928,2,none,0
305,54.8,41.740088556825135,0.0,0.18386687453166808,0.24999999999999994,1,0.013546749812664696,9.21689385055711,2,none,0
306,54.8,41.7609752442783,0.0,0.20886687453166808,0.24999999999999994,1,0.07354674981265788,9.315664448547377,2,none,0
307,54.8,41.801861931731466,0.0,0.4088668745316681,2.0,3,0.10354674981266725,7.003884255602011,2,none,0
308,54.8,41.862748619184636,0.0,0.6088668745316681,2.0,3,0.23354674981267665,5.968173400268901,2,none,0
309,54.8,41.8986353066378,0.0,0.3588668745316681,-2.5,0,0.08354674981265957,7.257203907677022,2,none,0
310,54.8,41.916578650364386,0.0,0.17943343726583405,-1.7943343726583405,0,0.061773374906340446,8.48163568905601,2,none,0
311,54.8,41.92555032222768,0.0,0.08971671863291703,-0.8971671863291703,4,-0.5241133125468298,9.927153931958832,2,none,0
312,54.8,41.95452199409097,0.0,0.28971671863291704,2.0,3,0.05588668745315829,7.284789012249216,2,none,0
313,54.8,42.00349366595426,0.0,0.48971671863291705,2.0,3,0.18588668745316766,6.605744366734707,2,none,0
314,54.8,42.0279795018859,0.0,0.24485835931645852,-2.448583593164585,0,0.03794334372657317,8.133246374829243,2,none,0
315,54.8,42.04996533781755,0.0,0.21985835931645853,-0.24999999999999994,2,0.027943343726579986,9.409300734317307,2,none,0
316,54.8,42.06095825578337,0.0,0.10992917965822926,-1.0992917965822926,0,-0.016028328136710006,8.42605870549262,2,none,0
317,54.8,42.069451173749194,0.0,0.08492917965822927,-0.24999999999999994,2,-0.026028328136703183,8.161771187256909,2,none,0
318,54.8,42.080444091715016,0.0,0.10992917965822926,0.24999999999999994,1,-0.016028328136710006,9.976144493188414,2,none,0
319,54.8,42.11143700968084,0.0,0.3099291796582293,2.0000000000000004,3,0.06397167186329937,7.447502829389391,2,none,0
320,54.8,42.16242992764666,0.0,0.5099291796582293,1.9999999999999996,3,0.19397167186328745,6.458062276329408,2,none,0
321,54.8,42.21592284561249,0.0,0.5349291796582293,0.2500000000000002,1,0.15397167186330196,5.818762132654968,2,none,0
322,54.8,42.28941576357831,0.0,0.7349291796582293,2.0000000000000004,3,0.23397167186329,5.5831090330558775,2,none,0
323,54.8,42.36540868154413,0.0,0.7599291796582294,0.2500000000000002,1,0.24397167186328322,4.701708236213813,2,none,0
324,54.8,42.461401599509955,0.0,0.9599291796582294,2.0000000000000004,3,0.3239716718632926,4.201818779484099,2,none,0
325,54.8,42.57739451747578,0.0,1.1599291796582294,1.9999999999999996,3,0.45397167186330195,3.909590675458994,2,none,0
326,54.8,42.713387435441604,0.0,1.3599291796582293,1.9999999999999996,3,0.53397167186329,3.3773987906093494,2,none,0
327,54.8,42.86938035340743,0.0,1.5599291796582293,1.9999999999999996,3,0.6139716718632994,3.172552598105538,2,none,0
328,54.8,43.04537327137325,0.0,1.7599291796582293,1.9999999999999996,3,-2.3060283281367124,2.822275372261572,2,none,0
329,54.8,43.21636618933908,0.0,1.7099291796582292,-0.5000000000000004,1,-2.376028328136699,2.6251561392780145,2,none,0
330,54.8,43.4073591073049,0.0,1.9099291796582292,1.9999999999999996,3,-2.296028328136711,2.4810340003208604,2,none,0
331,54.8,43.59335202527072,0.0,1.8599291796582291,-0.5000000000000004,1,-2.3160283281367184,2.389554098000626,2,none,0
332,54.8,43.77434494323654,0.0,1.809929179658229,-0.5000000000000004,1,-2.286028328136705,2.4375240973779784,2,none,0
333,54.8,43.95283786120237,0.0,1.7849291796582292,-0.2499999999999991,2,-2.346028328136698,2.2199539654468876,2,none,0
334,54.8,44.12633077916819,0.0,1.7349291796582291,-0.5000000000000004,1,-2.3660283281367054,2.2966443691296012,2,none,0
335,54.8,44.25982369713402,0.0,1.334929179658229,-4.000000000000001,4,-3.026028328136703,2.6014262833124966,2,none,0
336,54.8,44.36831661509984,0.0,1.084929179658229,-2.5,0,-2.626028328136699,2.4751665913559537,2,none,0
337,54.8,44.496809533065665,0.0,1.284929179658229,1.9999999999999996,3,-2.546028328136711,2.3014649529380087,2,none,0
338,54.8,44.60030245103149,0.0,1.034929179658229,-2.5,0,-2.6460283281367065,2.4325292703754697,2,none,0
339,54.8,44.7020489100144,0.0,1.0174645898291144,-0.17464589829114585,1,-2.6530141640683618,2.5905873721000057,2,none,0
340,54.8,44.82379536899731,0.0,1.2174645898291143,1.9999999999999996,3,-2.5730141640683524,2.48088192236363,2,none,0
341,54.8,44.96554182798022,0.0,1.4174645898291143,1.9999999999999996,3,-2.4430141640683645,2.2113636119584994,2,none,0
342,54.8,45.10228828696313,0.0,1.3674645898291142,-0.5000000000000004,1,-2.5130141640683505,2.2106149821694085,2,none,0
343,54.8,45.236534745946045,0.0,1.342464589829114,-0.25000000000000133,2,-2.5230141640683437,2.124544312073988,2,none,0
344,54.8,45.330781204928954,0.0,0.9424645898291141,-4.0,4,-3.1830141640683625,2.0486581253837692,2,none,0
345,54.8,45.445027663911866,0.0,1.1424645898291141,2.0000000000000004,3,-2.603014164068353,1.9477346493430683,2,none,0
346,54.8,45.57927412289478,0.0,1.342464589829114,1.9999999999999996,3,-2.473014164068344,1.7664371927316247,2,none,0
347,54.8,45.70852058187769,0.0,1.292464589829114,-0.5000000000000004,1,-2.5430141640683517,1.8255513338400808,2,none,0
348,54.8,45.8577670408606,0.0,1.492464589829114,1.9999999999999996,3,-2.4630141640683636,1.7048106876346323,2,none,0
349,54.8,45.98201349984351,0.0,1.242464589829114,-2.5,0,-2.5630141640683592,1.5550095145989404,2,none,0
350,54.8,46.06625995882642,0.0,0.842464589829114,-4.0,4,-3.2230141640683567,1.920029700577191,2,none,0
351,54.8,46.170506417809335,0.0,1.042464589829114,2.0000000000000004,3,-2.6430141640683473,1.539152757100876,2,none,0
352,54.8,46.24975287679224,0.0,0.792464589829114,-2.5,0,-2.7430141640683643,1.6743541517964826,2,none,0
353,54.8,46.331499335775156,0.0,0.8174645898291141,0.2500000000000002,1,-2.73301416406835,1.762926652904451,2,none,0
354,54.8,46.38824579475807,0.0,0.5674645898291141,-2.5,0,0.16698583593165434,3.2946124196753983,2,none,0
355,54.8,46.41999225374098,0.0,0.3174645898291141,-2.5,0,0.11698583593163728,10.902154964146828,2,none,0
356,54.8,46.45423871272389,0.0,0.3424645898291141,0.2500000000000002,1,0.07698583593165177,10.377489168675465,2,none,0
357,54.8,46.5084851717068,0.0,0.542464589829114,1.9999999999999996,3,0.15698583593163984,6.694461172072313,2,none,0
358,54.8,46.53773163068971,0.0,0.29246458982911405,-2.5,0,0.056985835931644094,12.478071597236504,2,none,0
359,54.8,46.564478089672626,0.0,0.26746458982911403,-0.2500000000000002,2,0.04698583593165091,13.58338935508559,2,none,0
360,54.8,46.611224548655535,0.0,0.46746458982911404,2.0,3,0.12698583593163898,7.556729576300764,2,none,0
361,54.8,46.67797100763845,0.0,0.667464589829114,2.0,3,0.25698583593164837,5.143736920553641,2,none,0
362,54.8,46.71971746662136,0.0,0.41746458982911405,-2.5,0,0.1069858359316526,8.220339144056535,2,none,0
363,54.8,46.74059069611282,0.0,0.20873229491455703,-2.08732294914557,0,0.0734929179658263,16.707091010091194,2,none,0
364,54.8,46.75102731085855,0.0,0.10436614745727851,-1.043661474572785,0,0.03174645898291315,33.93360109762154,2,none,0
365,54.8,46.78146392560427,0.0,0.3043661474572785,2.0,3,0.06174645898290122,11.180445690709995,2,none,0
366,54.8,46.83190054035,0.0,0.5043661474572785,1.9999999999999996,3,0.1917464589829106,6.5604724579358615,2,none,0
367,54.8,46.90233715509573,0.0,0.7043661474572784,1.9999999999999996,3,0.27174645898292,4.596555726078387,2,none,0
368,54.8,46.992773769841456,0.0,0.9043661474572784,1.9999999999999996,3,0.351746458982908,3.480031576786617,2,none,0
369,54.8,47.043210384587184,0.0,0.5043661474572784,-4.0,4,-0.3582535410170894,6.141576801000998,2,none,0
370,54.8,47.113646999332914,0.0,0.7043661474572784,2.0000000000000004,3,0.22174645898292,4.246799973640423,2,none,0
371,54.8,47.18658361407864,0.0,0.7293661474572785,0.2500000000000002,1,0.23174645898291318,4.049286283622063,2,none,0
372,54.8,47.22305192145151,0.0,0.36468307372863923,-3.646830737286392,4,-0.4141267705085434,8.070615307609764,2,none,0
373,54.8,47.279520228824374,0.0,0.5646830737286392,2.0,3,0.16587322949146593,5.065628559861873,2,none,0
374,54.8,47.35598853619724,0.0,0.7646830737286392,1.9999999999999996,3,0.295873229491454,3.640734205734945,2,none,0
375,54.8,47.452456843570104,0.0,0.9646830737286392,1.9999999999999996,3,-2.6241267705085365,2.7859308862054113,2,none,0
376,54.8,47.523925150942965,0.0,0.7146830737286392,-2.5,0,0.22587322949144634,3.660463336493101,2,none,0
377,54.8,47.5596593046294,0.0,0.3573415368643196,-3.5734153686431958,4,-0.4170633852542662,7.306775561087567,2,none,0
378,54.8,47.61539345831583,0.0,0.5573415368643195,1.9999999999999996,3,0.1629366147457219,4.529721624858544,2,none,0
379,54.8,47.64612761200226,0.0,0.30734153686431953,-2.5,0,0.06293661474572614,8.189434877113923,2,none,0
380,54.8,47.66149468884548,0.0,0.15367076843215977,-1.5367076843215977,0,0.05146830737287373,17.059753401507795,2,none,0
381,54.8,47.66917822726709,0.0,0.07683538421607988,-0.7683538421607988,0,0.020734153686436864,34.833767802361976,2,none,0
382,54.8,47.67301999647789,0.0,0.03841769210803994,-0.3841769210803994,0,0.005367076843207773,70.48518027791454,2,none,0
383,54.8,47.696861765688695,0.0,0.23841769210803995,2.0,3,0.035367076843217146,3.346288564783119,2,none,0
384,54.8,47.7087826502941,0.0,0.11920884605401998,-1.1920884605401998,0,-0.012316461578391426,3.129411997749845,2,none,0
385,54.8,47.7407035348995,0.0,0.31920884605402,2.0,3,0.06768353842161796,3.0356611289364768,2,none,0
386,54.8,47.7566639772022,0.0,0.15960442302701,-1.5960442302701,4,-0.4961582307892017,3.4007992707930117,2,none,0
387,54.8,47.792624419504904,0.0,0.35960442302701,2.0,3,0.0838417692108077,2.7884922688694562,2,none,0
388,54.8,47.81060464065625,0.0,0.179802211513505,-1.79802211513505,0,0.011920884605393187,3.133943398767269,2,none,0
389,54.8,47.819594751231925,0.0,0.0899011057567525,-0.899011057567525,4,-0.5240395576973035,2.745387599428103,2,none,0
390,54.8,47.824089806519765,0.0,0.04495055287837625,-0.4495055287837625,0,-0.04201977884864105,2.7334129731756356,2,none,0
391,54.8,47.82633733416368,0.0,0.022475276439188126,-0.22475276439188124,0,-0.0010098894243311812,2.507337555557588,2,none,0
392,54.8,47.82746109798564,0.0,0.011237638219594063,-0.11237638219594062,0,-0.005504944712165592,2.289330774827063,2,none,0
393,54.8,47.82802297989662,0.0,0.005618819109797031,-0.05618819109797031,0,-0.007752472356072139,2.2308571866192635,2,none,0
394,54.8,47.8485848618076,0.0,0.20561881910979704,2.0,3,0.022247527643915924,2.442661857650168,2,none,0
395,54.8,47.85886580276309,0.0,0.10280940955489852,-1.0280940955489852,4,-0.518876236178042,2.4555375134702326,2,none,0
396,54.8,47.86664674371858,0.0,0.07780940955489851,-0.25000000000000006,2,-0.02887623617803522,2.2295822028433165,2,none,0
397,54.8,47.89442768467407,0.0,0.2778094095548985,2.0,3,0.05112376382195284,1.99634025526832,2,none,0
398,54.8,47.90831815515182,0.0,0.13890470477744926,-1.3890470477744925,0,-0.00443811808901292,1.850669939470916,2,none,0
399,54.8,47.91526339039069,0.0,0.06945235238872463,-0.6945235238872463,0,0.01778094095549354,1.9731976994159302,2,none,0
400,54.8,47.91970862562957,0.0,0.04445235238872463,-0.25,2,-0.04221905904449964,1.8721509975764048,2,none,0
401,54.8,47.94415386086844,0.0,0.24445235238872465,2.0,3,0.03778094095548842,1.7674114900943247,2,none,0
402,54.8,47.988599096107315,0.0,0.44445235238872466,2.0,3,0.1677809409554978,1.4392505781333593,2,none,0
403,54.8,48.01082171372675,0.0,0.22222617619436233,-2.2222617619436233,4,-0.47110952952226176,1.4874225872565627,2,none,0
404,54.8,48.03554433134619,0.0,0.24722617619436232,0.24999999999999994,1,0.03889047047775274,1.3509893702929707,2,none,0
405,54.8,48.08026694896562,0.0,0.44722617619436233,2.0,3,0.1188904704777408,1.134559417032627,2,none,0
406,54.8,48.10262825777534,0.0,0.22361308809718117,-2.2361308809718117,4,-0.4705547647611189,1.0557341144810346,2,none,0
407,54.8,48.14498956658506,0.0,0.4236130880971812,2.0,3,0.1094452352388691,1.1176666352494784,2,none,0
408,54.8,48.20735087539478,0.0,0.6236130880971812,2.0,3,-2.7605547647611215,0.9970796194769285,2,none,0
409,54.8,48.267212184204496,0.0,0.5986130880971812,-0.2500000000000002,2,-2.8205547647611358,0.9518235034634075,2,none,0
410,54.8,48.32457349301421,0.0,0.5736130880971811,-0.2500000000000002,2,-2.780554764761129,0.6823569215648256,2,none,0
411,54.8,48.35693480182393,0.0,0.32361308809718115,-2.5,0,0.0694452352388751,0.6635704368955003,2,none,0
412,54.8,48.40929611063365,0.0,0.5236130880971812,2.0000000000000004,3,-2.8505547647611365,0.5065238437405537,2,none,0
413,54.8,48.436657419443364,0.0,0.2736130880971812,-2.5,0,0.049445235238867416,0.5012671192744321,2,none,0
414,54.8,48.466518728253085,0.0,0.29861308809718123,0.2500000000000002,1,0.05944523523888191,0.3869467791559937,2,none,0
415,54.8,48.48144938265794,0.0,0.14930654404859062,-1.493065440485906,0,-0.0002773823805697004,0.30755092319249117,2,none,0
416,54.8,48.488914709860374,0.0,0.07465327202429531,-0.746532720242953,4,-0.5301386911902742,0.23691920107084855,2,none,0
417,54.8,48.5163800370628,0.0,0.27465327202429535,2.0000000000000004,3,0.04986130880971387,0.13455888997243776,2,none,0
418,54.8,48.546345364265235,0.0,0.29965327202429537,0.2500000000000002,1,0.05986130880972837,0.06256670965662693,2,none,0
419,54.8,48.56132802786645,0.0,0.14982663601214768,-1.4982663601214767,4,-0.5000693455951358,0.008818118979394579,2,none,0
420,54.8,48.596310691467664,0.0,0.3498266360121477,2.0,3,-19.92006934559515,0.0,2,none,1
