# scenario=1b, ego_maneuver=stem_right, seed=3182, episode_idx=59, terminal_step=485, collision_agent_id=unknown
step,ego_x,ego_y,ego_psi,ego_v,ego_a,action,reward,min_ttc,n_agents,collision_agent_id,terminal_flag
0,54.8,4.119999999999999,0.0,0.2,2.0,3,0.0700000000000307,10.0,0,none,0
1,54.8,4.159999999999999,0.0,0.4,2.0,3,0.14999999999997612,10.0,0,none,0
2,54.8,4.219999999999999,0.0,0.6000000000000001,2.0000000000000004,3,0.23000000000000684,10.0,0,none,0
3,54.8,4.299999999999999,0.0,0.8,1.9999999999999996,3,0.3099999999999949,10.0,0,none,0
4,54.8,4.399999999999999,0.0,1.0,1.9999999999999996,3,0.39000000000002555,10.0,0,none,0
5,54.8,4.519999999999999,0.0,1.2,1.9999999999999996,3,0.469999999999971,49.00905145699219,1,none,0
6,54.8,4.637499999999998,0.0,1.1749999999999998,-0.25000000000000133,2,0.4099999999999778,20.82889441439382,1,none,0
7,54.8,4.774999999999999,0.0,1.3749999999999998,1.9999999999999996,3,0.4900000000000511,18.406742817729274,1,none,0
8,54.8,4.932499999999998,0.0,1.5749999999999997,1.9999999999999996,3,0.6199999999999966,18.688659434768425,1,none,0
9,54.8,5.1099999999999985,0.0,1.7749999999999997,1.9999999999999996,3,0.6999999999999846,18.550518812073236,1,none,0
10,54.8,5.307499999999998,0.0,1.9749999999999996,1.9999999999999996,3,0.7800000000000153,15.977216919898257,1,none,0
11,54.8,5.524999999999999,0.0,2.175,2.0000000000000018,3,0.8600000000000034,16.83127077886296,1,none,0
12,54.8,5.762499999999998,0.0,2.375,2.0000000000000018,3,0.9399999999999489,15.687231177534379,1,none,0
13,54.8,6.019999999999999,0.0,2.575,2.0000000000000018,3,1.0200000000000222,14.999867515764775,1,none,0
14,54.8,6.2974999999999985,0.0,2.7750000000000004,2.0000000000000018,3,1.1000000000000103,14.540204080954645,1,none,0
15,54.8,6.534999999999999,0.0,2.3750000000000004,-3.999999999999999,4,0.3899999999999915,14.995616036165455,1,none,0
16,54.8,6.792499999999999,0.0,2.5750000000000006,2.0000000000000018,3,0.9699999999999795,14.045437063256756,1,none,0
17,54.8,7.069999999999998,0.0,2.775000000000001,2.0000000000000018,3,1.1000000000000103,14.73153540325476,1,none,0
18,54.8,7.3675,0.0,2.975000000000001,2.0000000000000018,3,1.180000000000041,13.292146884484497,1,none,0
19,54.8,7.684999999999998,0.0,3.175000000000001,2.0000000000000018,3,1.2599999999999865,13.16877189743042,1,none,0
20,54.8,8.022499999999999,0.0,3.3750000000000013,2.0000000000000018,3,1.3400000000000172,11.897810083990608,1,none,0
21,54.8,8.379999999999999,0.0,3.5750000000000015,2.0000000000000018,3,1.4199999999999626,11.8560486110966,1,none,0
22,54.8,8.757499999999999,0.0,3.7750000000000017,2.0000000000000018,3,1.4999999999999933,11.166681667541372,1,none,0
23,54.8,9.155,0.0,3.975000000000002,2.0000000000000018,3,1.580000000000024,10.94688239466461,1,none,0
24,54.8,9.5725,0.0,4.175000000000002,1.9999999999999973,3,1.6599999999999695,10.682072753749665,2,none,0
25,54.8,10.01,0.0,4.375000000000002,2.0000000000000018,3,1.7400000000000002,9.87566876048739,2,none,0
26,54.8,10.4675,0.0,4.575000000000002,2.0000000000000018,3,1.820000000000031,9.268020635793487,2,none,0
27,54.8,10.945,0.0,4.775000000000002,2.0000000000000018,3,1.8999999999999764,8.69184660842083,2,none,0
28,54.8,11.4425,0.0,4.975000000000002,2.0000000000000018,3,1.980000000000007,8.271582733224111,2,none,0
29,54.8,11.96,0.0,5.1750000000000025,2.0000000000000018,3,2.060000000000038,7.832653693439914,2,none,0
30,54.8,12.4975,0.0,5.375000000000003,2.0000000000000018,3,2.1399999999999832,7.386566884318902,2,none,0
31,54.8,13.055000000000001,0.0,5.575000000000003,2.0000000000000018,3,2.220000000000014,6.948075780329429,2,none,0
32,54.8,13.6325,0.0,5.775000000000003,2.0000000000000018,3,2.2999999999999594,6.598438134167917,2,none,0
33,54.8,14.230000000000002,0.0,5.975000000000003,2.0000000000000018,3,2.3800000000000328,6.239492647902427,2,none,0
34,54.8,14.847500000000002,0.0,6.175000000000003,2.0000000000000018,3,2.459999999999978,5.904726976109805,2,none,0
35,54.8,15.485000000000003,0.0,6.3750000000000036,2.0000000000000018,3,2.5400000000000515,5.599378367364783,2,none,0
36,54.8,16.117500000000003,0.0,6.325000000000004,-0.4999999999999982,1,2.46999999999998,5.543123435185578,2,none,0
37,54.8,16.770000000000003,0.0,6.525000000000004,2.0000000000000018,3,2.550000000000011,5.287545333215538,2,none,0
38,54.8,17.442500000000003,0.0,6.725000000000004,2.0000000000000018,3,2.679999999999956,5.006363175211778,2,none,0
39,54.8,18.135,0.0,6.925000000000004,2.0000000000000018,3,2.7600000000000295,4.755749251259068,2,none,0
40,54.8,18.825000000000003,0.0,6.900000000000004,-0.25000000000000355,2,2.699999999999994,4.651671578317426,2,none,0
41,54.8,19.535000000000004,0.0,7.100000000000004,2.0000000000000018,3,2.7799999999999816,4.3825614088821245,2,none,0
42,54.8,20.265000000000004,0.0,7.300000000000004,2.0000000000000018,3,2.910000000000055,4.14434544464976,2,none,0
43,54.8,21.015000000000004,0.0,7.500000000000004,2.0000000000000018,3,2.99,3.9145884014364554,2,none,0
44,54.8,21.785000000000004,0.0,7.700000000000005,2.0000000000000018,3,3.069999999999946,3.7029599483625977,2,none,0
45,54.8,22.575000000000003,0.0,7.900000000000005,2.0000000000000018,3,3.150000000000019,3.5255928658372,2,none,0
46,54.8,23.325000000000003,0.0,7.500000000000005,-3.9999999999999947,4,2.440000000000001,3.613074271328622,2,none,0
47,54.8,24.072500000000005,0.0,7.475000000000005,-0.25000000000000355,2,2.9300000000000077,3.5362326926040133,2,none,0
48,54.8,24.78000000000001,0.0,7.075000000000005,-4.0000000000000036,4,2.269999999999989,3.6726434000655277,2,none,0
49,54.8,25.507500000000007,0.0,7.275000000000005,2.0000000000000018,3,2.850000000000019,3.4565876670796634,2,none,0
50,54.8,26.255000000000006,0.0,7.475000000000005,2.0000000000000018,3,2.979999999999965,3.2360563650175274,2,none,0
51,54.8,27.022500000000004,0.0,7.675000000000005,2.0000000000000018,3,3.060000000000038,3.0662760468386914,2,none,0
52,54.8,27.765000000000004,0.0,7.425000000000005,-2.5,0,2.9100000000000215,3.0771998063561496,2,none,0
53,54.8,28.482500000000005,0.0,7.175000000000005,-2.5,0,2.8599999999999826,3.1389958618183758,2,none,0
54,54.8,29.195000000000007,0.0,7.125000000000005,-0.4999999999999982,1,2.7899999999999965,3.068097293367498,2,none,0
55,54.8,29.882500000000007,0.0,6.875000000000005,-2.5,0,2.690000000000001,3.1164487506016765,2,none,0
56,54.8,30.59000000000001,0.0,7.0750000000000055,2.0000000000000018,3,-0.22999999999998993,2.90599448741939,2,none,0
57,54.8,31.272500000000008,0.0,6.8250000000000055,-2.5,0,-0.33000000000000734,2.946437965012077,2,none,0
58,54.8,31.93000000000001,0.0,6.5750000000000055,-2.5,0,-0.38000000000000256,2.9923935945319338,2,none,0
59,54.8,32.56250000000001,0.0,6.3250000000000055,-2.5,0,2.5200000000000014,3.075220462896625,2,none,0
60,54.8,33.17000000000001,0.0,6.0750000000000055,-2.5,0,2.4200000000000057,3.199773070706875,2,none,0
61,54.8,33.79750000000001,0.0,6.275000000000006,2.0000000000000018,3,-0.5500000000000063,2.9529548744705623,2,none,0
62,54.8,34.42250000000001,0.0,6.250000000000005,-0.25000000000000355,2,-0.5599999999999994,2.8923703697101235,2,none,0
63,54.8,35.02250000000001,0.0,6.000000000000005,-2.5,0,-0.659999999999995,2.9981770066243802,2,none,0
64,54.8,35.62000000000001,0.0,5.975000000000005,-0.25000000000000355,2,-0.6699999999999886,2.935546128103836,2,none,0
65,54.8,36.23750000000001,0.0,6.175000000000005,2.0000000000000018,3,-0.5900000000000001,2.6698269980039417,2,none,0
66,54.8,36.83000000000001,0.0,5.925000000000005,-2.5,0,-0.6899999999999962,2.783677196565435,2,none,0
67,54.8,37.41750000000001,0.0,5.875000000000005,-0.4999999999999982,1,-0.7100000000000037,2.725320617540337,2,none,0
68,54.8,37.98000000000001,0.0,5.625000000000005,-2.5,0,-0.8099999999999994,2.8642331752859533,2,none,0
69,54.8,38.51750000000001,0.0,5.375000000000005,-2.5,0,2.140000000000005,3.005361314339214,2,none,0
70,54.8,39.030000000000015,0.0,5.125000000000005,-2.5,0,2.040000000000009,3.1757238501981844,2,none,0
71,54.8,39.562500000000014,0.0,5.3250000000000055,2.0000000000000018,3,-0.930000000000003,2.9100245108575393,2,none,0
72,54.8,40.09000000000002,0.0,5.275000000000006,-0.4999999999999982,1,-0.9499999999999893,2.861054724148146,2,none,0
73,54.8,40.592500000000015,0.0,5.025000000000006,-2.5,0,1.9499999999999937,3.0357303110651745,2,none,0
74,54.8,41.09000000000002,0.0,4.975000000000006,-0.4999999999999982,1,1.9300000000000075,3.050156502107059,2,none,0
75,54.8,41.56250000000002,0.0,4.725000000000006,-2.5,0,1.8300000000000116,3.2219409733807307,2,none,0
76,54.8,42.01000000000002,0.0,4.475000000000006,-2.5,0,1.7799999999999947,3.4819637919890445,2,none,0
77,54.8,42.45250000000002,0.0,4.425000000000006,-0.4999999999999982,1,1.7100000000000082,3.490647351075726,2,none,0
78,54.8,42.89000000000002,0.0,4.375000000000006,-0.4999999999999982,1,1.7400000000000007,3.4891308828192966,2,none,0
79,54.8,43.30250000000002,0.0,4.125000000000006,-2.5,0,1.590000000000005,3.6924481229072414,2,none,0
80,54.8,43.71250000000003,0.0,4.100000000000007,-0.24999999999999467,2,1.5800000000000118,3.678838980777587,2,none,0
81,54.8,44.120000000000026,0.0,4.075000000000006,-0.25000000000000355,2,1.6199999999999972,3.487869848465448,2,none,0
82,54.8,44.52250000000003,0.0,4.025000000000007,-0.4999999999999982,1,1.550000000000011,3.569204795793383,2,none,0
83,54.8,44.90000000000003,0.0,3.7750000000000066,-2.5,0,1.4499999999999937,3.7344516119476174,2,none,0
84,54.8,45.27500000000003,0.0,3.7500000000000067,-0.2499999999999991,2,1.4400000000000006,3.41137388747618,2,none,0
85,54.8,45.62500000000003,0.0,3.5000000000000067,-2.5,0,1.340000000000005,3.740101572477177,2,none,0
86,54.8,45.97250000000003,0.0,3.4750000000000068,-0.2499999999999991,2,1.3300000000000118,3.6826470938245697,2,none,0
87,54.8,46.31750000000003,0.0,3.450000000000007,-0.2499999999999991,2,1.3699999999999972,3.4483402662679983,2,none,0
88,54.8,46.657500000000034,0.0,3.4000000000000066,-0.5000000000000027,1,1.300000000000011,3.4342038422937797,2,none,0
89,54.8,46.97250000000003,0.0,3.1500000000000066,-2.5,0,1.1999999999999937,3.350657340089842,2,none,0
90,54.8,47.28500000000003,0.0,3.1250000000000067,-0.2499999999999991,2,1.1900000000000006,3.591023625669585,2,none,0
91,54.8,47.57250000000003,0.0,2.8750000000000067,-2.5,0,1.090000000000005,3.5171390955547652,2,none,0
92,54.8,47.835000000000036,0.0,2.6250000000000067,-2.5,0,1.0400000000000091,3.5660163238780447,2,none,0
93,54.8,48.07250000000003,0.0,2.3750000000000067,-2.5,0,0.9399999999999922,3.8572830179729136,2,none,0
94,54.8,48.305000000000035,0.0,2.3250000000000064,-0.5000000000000027,1,0.8700000000000057,3.5864633413564326,2,none,0
95,54.8,48.53500000000004,0.0,2.3000000000000065,-0.2499999999999991,2,0.8600000000000125,3.087240784480018,2,none,0
96,54.8,48.76000000000004,0.0,2.250000000000006,-0.5000000000000027,1,0.8400000000000049,3.1662536754005037,2,none,0
97,54.8,48.96000000000004,0.0,2.000000000000006,-2.5,0,0.7400000000000091,3.2902324342526863,2,none,0
98,54.80774887979565,49.15444607645897,0.0019374858296543618,1.9500000000000062,-0.5000000000000004,1,8.564999999999879,2.9785764090999156,2,none,0
99,54.8316999628004,49.3227339491502,0.00792931666597596,1.7000000000000062,-2.5,0,0.11000000000000061,3.169292576609223,2,none,0
100,54.85529882399625,49.4885470001842,0.013837498526928727,1.675000000000006,-0.25000000000000133,2,0.10750000000000061,3.2592368957659272,2,none,0
101,54.87537546710317,49.62961183464596,0.018867045491383072,1.425000000000006,-2.5,0,0.08250000000000059,3.181148086825124,2,none,0
102,54.898269884681234,49.79047524236552,0.02460572522692761,1.625000000000006,1.9999999999999996,3,-2.897499999999999,2.9053009614358425,2,none,0
103,54.91764208417036,49.92659043351283,0.029463954655568395,1.375000000000006,-2.5,0,-2.9224999999999994,2.9654698155401777,2,none,0
104,54.93630984004171,50.05775598134569,0.034147396918086104,1.325000000000006,-0.5000000000000004,1,0.07250000000000058,3.2364649862428596,2,none,0
105,54.95145537782412,50.16417331260632,0.037948380874907484,1.075000000000006,-2.5,0,0.04750000000000058,3.31155580298356,2,none,0
106,54.969418690077674,50.29038921712474,0.04245776827611891,1.275000000000006,1.9999999999999996,3,0.06750000000000057,3.137758764548036,2,none,0
107,54.986677558713446,50.41165547832872,0.046791427102814254,1.2250000000000059,-0.5000000000000004,1,0.0625000000000006,3.1467291601843996,2,none,0
108,55.00358420554033,50.530446917875466,0.051037540225074014,1.200000000000006,-0.2499999999999991,2,0.060000000000000595,7.704453206449344,2,none,0
109,55.02330862683835,50.66903693068,0.055992254726757514,1.400000000000006,1.9999999999999996,3,0.08000000000000058,6.587858464362792,2,none,0
110,55.03951083004744,50.7828787269123,0.06006277430023444,1.150000000000006,-2.5,0,0.05500000000000059,8.230226068362928,2,none,0
111,55.05536081144764,50.89424570148738,0.06404516765589308,1.1250000000000058,-0.25000000000000133,2,0.05250000000000059,8.432523941496147,2,none,0
112,55.07050634923005,51.00066303274801,0.06785078438228465,1.0750000000000057,-0.5000000000000004,1,0.04750000000000058,8.845057801474828,2,none,0
113,55.08212966892353,51.0823321474364,0.07077144875495467,0.8250000000000057,-2.5,0,0.02250000000000056,11.546488952714936,2,none,0
114,55.0941052104259,51.16647608378201,0.07378062813683117,0.8500000000000058,0.2500000000000002,1,0.025000000000000563,11.228693588018137,2,none,0
115,55.10255853383934,51.225871803555385,0.07590473161449895,0.6000000000000058,-2.5,0,5.759281940243e-16,15.929712298085699,2,none,0
116,55.11136407906167,51.28774234498598,0.07811729554087887,0.6250000000000058,0.2500000000000002,1,0.002500000000000578,15.315431631171508,2,none,0
117,55.11664740619507,51.32486466984434,0.07944480354048712,0.3750000000000058,-2.5,0,-0.022499999999999423,25.54900794844916,2,none,0
118,55.122282955137365,51.36446181635992,0.08086078056209955,0.4000000000000058,0.2500000000000002,1,-0.01999999999999942,23.975830829517474,2,none,0
119,55.128270725888555,51.406533784532726,0.08236521428679232,0.4250000000000058,0.2500000000000002,1,0.032500000000000584,22.589458708833604,2,none,0
120,55.13126461126414,51.427569768619136,0.08311741289821263,0.2125000000000029,-2.125000000000029,0,-0.038749999999999715,36.38721393672773,2,none,0
121,55.134610718448634,51.45108057436276,0.08395808968321594,0.2375000000000029,0.24999999999999994,1,-0.03624999999999971,36.86413893462684,2,none,0
122,55.140774600104265,51.49438995336418,0.08550665733616203,0.4375000000000029,1.9999999999999998,3,-0.016249999999999716,21.993746400184065,2,none,0
123,55.14385654093208,51.51604464286489,0.08628091618782663,0.21875000000000144,-2.187500000000014,0,-0.03812499999999986,38.544868188180196,2,none,0
124,55.14729070356879,51.54017415402282,0.08714364065378001,0.24375000000000144,0.24999999999999994,1,-0.03562499999999986,37.344723206785424,2,none,0
125,55.14900778488715,51.55223890960179,0.08757499415736647,0.12187500000000072,-1.218750000000007,0,-0.04781249999999993,44.45394497423691,2,none,0
126,55.14986632554632,51.55827128739127,0.08779066865663543,0.06093750000000036,-0.6093750000000036,0,-0.0039062499999999653,46.266460271903085,2,none,0
127,55.15107708801439,51.566778486837975,0.08809482239950062,0.08593750000000036,0.25,1,-0.051406249999999966,38.83451077820206,2,none,0
128,55.15168246924843,51.57103208656133,0.08824689811345877,0.04296875000000018,-0.4296875000000018,0,-0.055703124999999985,40.14695316035244,2,none,0
129,55.15198515986545,51.57315888642301,0.088322935677994,0.02148437500000009,-0.2148437500000009,2,-0.057851562499999995,40.70313661876674,2,none,0
130,55.15510562495361,51.595084259542475,0.08910680225111946,0.2214843750000001,2.0,3,-0.03785156249999999,39.61407150267921,2,none,0
131,55.15787386823288,51.61453481100472,0.08980217183420303,0.1964843750000001,-0.24999999999999994,2,-0.04035156249999999,41.37225465856632,2,none,0
132,55.1634598859833,51.65378393572475,0.09120529800514475,0.3964843750000001,2.0,3,-0.02035156249999999,24.37253773259275,2,none,0
133,55.16625289485851,51.673408498084775,0.09190683213460815,0.19824218750000006,-1.9824218750000004,0,-0.04017578125,38.188913645631324,2,none,0
134,55.16764939929611,51.68322077926478,0.0922575916585857,0.09912109375000003,-0.9912109375000002,0,-8.789062499999813e-05,36.718116974470874,2,none,0
135,55.168347651514914,51.68812691985479,0.09243296949767377,0.049560546875000014,-0.4956054687500001,0,-0.0050439453125,45.52460646839969,2,none,0
136,55.16869677762431,51.690579990149786,0.0925206579317781,0.024780273437500007,-0.24780273437500006,0,-0.0075219726562500006,40.30056262916671,2,none,0
137,55.16887134067901,51.69180652529729,0.09256450202688105,0.012390136718750003,-0.12390136718750003,0,-0.008760986328125001,37.90949855235166,2,none,0
138,55.16895862220636,51.69241979287104,0.09258642404387163,0.006195068359375002,-0.061950683593750014,0,-0.009380493164062502,42.18255600935045,2,none,0
139,55.16939812554261,51.695507882102014,0.09269681134804043,0.031195068359375,0.25,1,-0.056880493164062504,41.347033474471445,2,none,0
140,55.17265540335,51.71839454459078,0.09351490505604666,0.231195068359375,2.0,3,-0.0368804931640625,37.30231088913257,2,none,0
141,55.175560459348496,51.73880638542232,0.09424451020180523,0.206195068359375,-0.24999999999999994,2,-0.0393804931640625,36.46485524889026,2,none,0
142,55.184685853415004,51.777809755691685,0.0965594739936446,0.406195068359375,2.0,3,-0.0193804931640625,23.880798816184193,2,none,0
143,55.215871344223395,51.82978557370566,0.1045586348939893,0.6061950683593751,2.0000000000000004,3,0.05061950683593751,16.064456194632974,2,none,0
144,55.23419567348654,51.860326122477574,0.10926895076091481,0.3561950683593751,-2.5,0,-0.024380493164062496,27.402274503684623,2,none,0
145,55.253806118904215,51.89301019817369,0.11431786207625948,0.3811950683593751,0.2500000000000002,1,-0.021880493164062494,25.66814803932632,2,none,0
146,55.27470268047641,51.927837800794016,0.11970673375762964,0.40619506835937513,0.2500000000000002,1,0.03061950683593751,24.15155918677918,2,none,0
147,55.29688535820313,51.96480893033855,0.12543693116940258,0.43119506835937516,0.2500000000000002,1,0.033119506835937514,22.814705263807152,2,none,0
148,55.31778191977533,51.999636532958874,0.13084369007337693,0.40619506835937513,-0.2500000000000002,2,-0.01938049316406249,24.28249605441022,2,none,0
149,55.337392365193,52.032320608655,0.13592516633618512,0.3811950683593751,-0.2500000000000002,2,0.02811950683593751,25.938835721335128,2,none,0
150,55.35571669445614,52.06286115742691,0.14067971028102622,0.3561950683593751,-0.2500000000000002,2,0.025619506835937507,27.823383469439573,2,none,0
151,55.37275490756477,52.09125817927462,0.14510585222511052,0.33119506835937507,-0.2500000000000002,2,0.023119506835937505,29.98777636049911,2,none,0
152,55.38850700451887,52.11751167419812,0.14920228862411022,0.30619506835937504,-0.2500000000000002,2,0.020619506835937502,29.194102698784203,2,none,0
153,55.40554521762749,52.14590869604582,0.15363778971547837,0.33119506835937507,0.2500000000000002,1,-0.026880493164062498,30.111735939499333,2,none,0
154,55.43287235997231,52.191453933287185,0.16076134864157265,0.5311950683593751,2.0000000000000004,3,-0.006880493164062487,18.839097549609807,2,none,0
155,55.46148561847165,52.23914269745275,0.16823214657760488,0.5561950683593752,0.2500000000000002,1,-0.004380493164062485,18.057272348427382,2,none,0
156,55.477237715425744,52.265396192376244,0.17234989370014264,0.30619506835937516,-2.5,0,-0.029380493164062486,32.8656635349522,2,none,0
157,55.49170369622532,52.28950616037554,0.17613438132545878,0.28119506835937513,-0.2500000000000002,2,-0.03188049316406249,33.60117971306982,2,none,0
158,55.49893668662511,52.301561144375185,0.17802764786593595,0.14059753417968757,-1.4059753417968757,0,-0.04594024658203125,35.10421689943895,2,none,0
159,55.507455793179425,52.31575965529904,0.18025841173294666,0.16559753417968756,0.24999999999999994,1,-0.043440246582031244,37.81463171471301,2,none,0
160,55.511715346456576,52.32285891076097,0.18137413243511635,0.08279876708984378,-0.8279876708984377,0,-0.05172012329101563,38.76220492431088,2,none,0
161,55.51726101588826,52.3321016931471,0.18282706295019513,0.10779876708984379,0.25000000000000006,1,-0.049220123291015626,35.127237229070914,2,none,0
162,55.52409280147446,52.34348800245744,0.1846174568006476,0.13279876708984378,0.24999999999999994,1,0.0032798767089843774,38.71436003345235,2,none,0
163,55.54121351629686,52.372022527161434,0.1891066493874185,0.3327987670898438,2.0,3,-0.026720123291015627,29.555470375741766,2,none,0
164,55.55962034727377,52.40270057878963,0.1939367322535892,0.3577987670898438,0.2500000000000002,1,-0.024220123291015624,27.86310279983696,2,none,0
165,55.58831610748688,52.450526845811474,0.20147375453851124,0.5577987670898439,2.0000000000000004,3,-0.004220123291015614,18.295621694090332,2,none,0
166,55.604150706154755,52.47691784359126,0.2056361713643555,0.3077987670898439,-2.5,0,-0.029220123291015615,27.517225524049852,2,none,0
167,55.6186991886681,52.50116531444684,0.20946249364745362,0.28279876708984386,-0.2500000000000002,2,-0.03172012329101562,29.2848991571584,2,none,0
168,55.63453378733597,52.52755631222662,0.21362909787012963,0.3077987670898439,0.2500000000000002,1,-0.029220123291015615,31.50355093161997,2,none,0
169,55.651654502158365,52.55609083693061,0.21813633777675334,0.3327987670898439,0.2500000000000002,1,0.02327987670898439,26.712308924181915,2,none,0
170,55.660214859569564,52.57035809928261,0.22039076623655007,0.16639938354492195,-1.6639938354492194,0,-0.043360061645507805,30.704632556673708,2,none,0
171,55.66748910082623,52.58248183471039,0.22230688793875245,0.14139938354492196,-0.24999999999999994,2,-0.04586006164550781,31.118345881502602,2,none,0
172,55.67604945823743,52.596749097062386,0.22456223948009124,0.16639938354492195,0.24999999999999994,1,-0.043360061645507805,34.24333459174251,2,none,0
173,55.6833236994941,52.60887283249018,0.22647911246518174,0.14139938354492196,-0.24999999999999994,2,-0.04586006164550781,36.53316327437918,2,none,0
174,55.70088686998697,52.63814478331162,0.23110857821885178,0.34139938354492194,1.9999999999999998,3,-0.02586006164550781,28.43595703129211,2,none,0
175,55.719736156634355,52.66956026105726,0.23607891970265182,0.36639938354492196,0.2500000000000002,1,-0.02336006164550781,26.816098428783736,2,none,0
176,55.72916079995805,52.68526799993008,0.23856474180014223,0.18319969177246098,-1.8319969177246098,0,-0.041680030822753907,33.095916087048515,2,none,0
177,55.73729932712722,52.6988322118787,0.24071165855315327,0.158199691772461,-0.24999999999999994,2,-0.0441800308227539,34.77355760496435,2,none,0
178,55.744151738141866,52.710252896903114,0.2425195150833437,0.133199691772461,-0.24999999999999994,2,0.0033199691772460987,31.876572899577287,2,none,0
179,55.74971803300199,52.71953005500332,0.2439881930724357,0.108199691772461,-0.24999999999999994,2,0.0008199691772460983,31.449006388044896,2,none,0
180,55.75250118043205,52.72416863405341,0.24472257517544516,0.0540998458862305,-0.5409984588623049,0,-0.05459001541137695,32.4379238901211,2,none,0
181,55.75389275414708,52.72648792357847,0.24508977665824447,0.02704992294311525,-0.27049922943115245,0,-0.007295007705688477,38.781778178074475,2,none,0
182,55.75657044401663,52.73095074002772,0.24579637112106578,0.05204992294311525,0.25,1,-0.05479500770568848,38.51294887602721,2,none,0
183,55.75790928895141,52.733182148252354,0.24614967760519457,0.026024961471557626,-0.2602496147155762,0,-0.05739750385284424,32.61467968325291,2,none,0
184,55.76053425004071,52.737557083401185,0.24684239350739046,0.05102496147155763,0.25,1,-0.05489750385284424,35.24871775713365,2,none,0
185,55.764445327284534,52.74407554547423,0.2478745516270502,0.07602496147155763,0.25,1,-0.0023975038528442384,34.38971776990876,2,none,0
186,55.769642520682886,52.75273753447148,0.24924619781700816,0.10102496147155762,0.24999999999999994,1,0.00010249614715576033,36.05257304059639,2,none,0
187,55.77224111738206,52.7570685289701,0.24993205106521432,0.05051248073577881,-0.5051248073577881,0,-0.054948751926422124,34.20241391128544,2,none,0
188,55.773540415731645,52.75923402621941,0.25027498494571576,0.025256240367889406,-0.25256240367889404,0,-0.007474375963211061,33.26181346803351,2,none,0
189,55.78512864331742,52.77854773886237,0.25333375545779946,0.2252562403678894,2.0,3,-0.037474375963211064,31.99320796180321,2,none,0
190,55.79800298705773,52.80000497842954,0.2567323744382095,0.2502562403678894,0.24999999999999994,1,-0.03497437596321106,30.288765294784728,2,none,0
191,55.81216344695255,52.82360574492092,0.2604708685299968,0.2752562403678894,0.2500000000000002,1,0.017525624036788943,28.20179651146562,2,none,0
192,55.827610023001895,52.8493500383365,0.2645492217131715,0.30025624036788945,0.2500000000000002,1,0.020025624036788946,27.19803869621281,2,none,0
193,55.84434271520577,52.87723785867629,0.268967362349013,0.32525624036788947,0.2500000000000002,1,0.022525624036788948,25.99730157547628,2,none,0
194,55.86236152356417,52.90726920594028,0.2728953954256692,0.3502562403678895,0.2500000000000002,1,0.02502562403678895,25.877656736275306,2,none,0
195,55.871370927743364,52.92228487957228,0.2746580972058783,0.17512812018394475,-1.7512812018394475,0,-0.04248718798160553,32.18433413297991,2,none,0
196,55.87909421576804,52.93515702628007,0.2761694973077309,0.15012812018394475,-0.24999999999999994,2,-0.04498718798160553,31.18106136848859,2,none,0
197,55.89710643302891,52.96517738838151,0.2796955168631816,0.3501281201839448,2.0000000000000004,3,-0.024987187981605527,23.380040676646544,2,none,0
198,55.916404766444295,52.99734127740716,0.2834749919992541,0.3751281201839448,0.2500000000000002,1,-0.022487187981605518,24.96654848642497,2,none,0
199,55.93441698370516,53.0273616395086,0.2870040727019292,0.3501281201839448,-0.2500000000000002,2,-0.024987187981605527,23.208697331786933,2,none,0
200,55.95371531712055,53.05952552853425,0.29078662764098673,0.3751281201839448,0.2500000000000002,1,-0.022487187981605518,25.288242197529943,2,none,0
201,55.963364483828244,53.07560747304707,0.29267845019654853,0.1875640600919724,-1.875640600919724,0,-0.04124359399080276,29.73868036433179,2,none,0
202,55.971727534381415,53.08954589063569,0.2943183958481717,0.1625640600919724,-0.24999999999999994,2,-0.043743593990802764,31.077583168038238,2,none,0
203,55.975909059658,53.09651509943,0.295138463254472,0.0812820300459862,-0.812820300459862,0,-0.051871796995401384,30.08181733603859,2,none,0
204,55.97799982229629,53.09999970382715,0.2955485201233503,0.0406410150229931,-0.406410150229931,0,-0.005935898497700692,35.292131767480484,2,none,0
205,55.98137670108911,53.10562783514852,0.29621085241324147,0.0656410150229931,0.25,1,-0.053435898497700696,31.652909865123505,2,none,0
206,55.983065140485515,53.1084419008092,0.2965420333069794,0.03282050751149655,-0.3282050751149655,0,-0.05671794924885035,33.076099414325036,2,none,0
207,55.98603969603645,53.113399493394084,0.2971255045785439,0.057820507511496554,0.25,1,-0.05421794924885035,29.924730633388318,2,none,0
208,55.98752697381192,53.11587828968653,0.2974172514226299,0.028910253755748277,-0.2891025375574828,0,-0.05710897462442518,33.1945118856655,2,none,0
209,55.9903003677419,53.12050061290317,0.2979613046622458,0.053910253755748275,0.24999999999999997,1,-0.054608974624425176,29.42841809567421,2,none,0
210,55.99435987782642,53.12726646304403,0.2987576994799368,0.07891025375574828,0.25000000000000006,1,-0.0021089746244251726,28.953469972068334,2,none,0
211,56.00870831714712,53.151180528578536,0.30157299858806064,0.2789102537557483,2.0,3,-0.03210897462442518,27.18794047141581,2,none,0
212,56.015882536807474,53.16313756134579,0.3029808848449583,0.13945512687787415,-1.3945512687787414,0,-0.04605448731221259,29.926789643831913,2,none,0
213,56.02434287262235,53.17723812103725,0.30464135447993534,0.16445512687787414,0.24999999999999994,1,-0.04355448731221259,26.267107778694896,2,none,0
214,56.04309213767341,53.20848689612236,0.30832188270242833,0.3644551268778742,2.0000000000000004,3,-0.023554487312212588,23.695847040088083,2,none,0
215,56.05246677019895,53.22411128366492,0.3101624841690718,0.1822275634389371,-1.822275634389371,0,-0.0417772436561063,29.619152507251897,2,none,0
216,56.057154086461715,53.23192347743619,0.3110828638029721,0.09111378171946855,-0.9111378171946855,0,-0.0008886218280531478,28.3983729787755,2,none,0
217,56.06312751887901,53.24187919813168,0.3122558522455645,0.11611378171946854,0.24999999999999994,1,-0.04838862182805315,32.317862250513066,2,none,0
218,56.06611423508765,53.24685705847942,0.3128423762328026,0.05805689085973427,-0.5805689085973427,0,-0.05419431091402658,34.04138839937004,2,none,0
219,56.07038706745082,53.253978445751365,0.31368149801667666,0.08305689085973428,0.25000000000000006,1,-0.05169431091402658,31.53222803660645,2,none,0
220,56.0725234836324,53.25753913938734,0.3141010733583769,0.04152844542986714,-0.4152844542986714,0,-0.05584715545701329,34.28903769259807,2,none,0
221,56.073591691723195,53.25931948620533,0.3143108645771806,0.02076422271493357,-0.2076422271493357,2,-0.05792357772850665,32.76837568371628,2,none,0
222,56.074125795768595,53.26020965961432,0.3144157610655125,0.010382111357466785,-0.10382111357466785,2,-0.008961788864253323,34.94943938038734,2,none,0
223,56.07594601596851,53.26324335994752,0.31477325140762097,0.035382111357466786,0.25,1,-0.05646178886425333,34.504169442421585,2,none,0
224,56.07685612606847,53.26476021011412,0.31495199908885324,0.017691055678733393,-0.17691055678733392,2,-0.058230894432126666,29.369395950868636,2,none,0
225,56.07731118111845,53.265518635197424,0.31504137355202705,0.008845527839366697,-0.08845527839366696,0,-0.059115447216063335,33.503217032806894,2,none,0
226,56.079052352322954,53.26842058720493,0.3153833496974232,0.0338455278393667,0.25000000000000006,1,-0.05661544721606333,34.39449733366453,2,none,0
227,56.09108245276365,53.28847075460608,0.31774629013734157,0.2338455278393667,2.0,3,-0.03661544721606333,23.730409776311642,2,none,0
228,56.097097502984,53.298495838306664,0.3189278589744318,0.11692276391968336,-1.1692276391968335,0,-0.04830772360803167,28.8267195613193,2,none,0
229,56.104398669358865,53.31066444893145,0.3203621486787931,0.14192276391968336,0.25000000000000006,1,-0.04580772360803167,27.441226812761933,2,none,0
230,56.11041371957921,53.320689532632024,0.3215438489125632,0.11692276391968337,-0.24999999999999994,2,-0.048307723608031664,29.9436068282881,2,none,0
231,56.11342124468939,53.325702074482315,0.3221347195067768,0.058461381959841685,-0.5846138195984169,0,-0.05415386180401584,29.749688990304257,2,none,0
232,56.11492500724447,53.32820834540746,0.32243015974291533,0.029230690979920843,-0.2923069097992084,0,-0.0070769309020079175,32.85489049236776,2,none,0
233,56.11567688852202,53.32946148087003,0.32257788107320495,0.014615345489960421,-0.1461534548996042,0,-0.00853846545100396,29.418595755546736,2,none,0
234,56.11605282916079,53.33008804860132,0.3226517420385886,0.007307672744980211,-0.0730767274498021,0,-0.00926923272550198,30.569261888683354,2,none,0
235,56.116240799480174,53.33040133246696,0.3226886725959839,0.0036538363724901053,-0.03653836372490105,0,-0.009634616362750991,27.553831565268116,2,none,0
236,56.11633478463987,53.33055797439978,0.3227071378933161,0.0018269181862450527,-0.018269181862450527,0,-0.009817308181375497,30.47261746363464,2,none,0
237,56.12671769903575,53.34786283172625,0.3247471462880793,0.20182691818624507,2.0,3,-0.039817308181375494,24.866086834013426,2,none,0
238,56.1319091562337,53.35651526038949,0.3257672019581282,0.10091345909312253,-1.0091345909312253,0,-0.04990865409068775,26.544229779023382,2,none,0
239,56.13581449727711,53.36302416212852,0.32653457294048494,0.07591345909312253,-0.25000000000000006,2,-0.05240865409068775,28.696799452783644,2,none,0
240,56.13776716779882,53.36627861299804,0.32691826483135983,0.03795672954656126,-0.37956729546561263,0,-0.05620432704534388,28.31443292421163,2,none,0
241,56.141005954475055,53.37167659079176,0.3275546823857207,0.06295672954656126,0.24999999999999994,1,-0.05370432704534388,26.45723391574373,2,none,0
242,56.142625347813166,53.37437557968862,0.327872895248136,0.03147836477328063,-0.31478364773280626,0,-0.056852163522671945,30.52576504142931,2,none,0
243,56.143435044482224,53.375725074137044,0.3280320026724755,0.015739182386640314,-0.15739182386640313,2,-0.05842608176133597,27.422452474893745,2,none,0
244,56.14553085730581,53.379218095509685,0.3284438381489514,0.040739182386640316,0.25,1,-0.055926081761335976,31.252914246001634,2,none,0
245,56.1465787637176,53.380964606196,0.3286497574800209,0.020369591193320158,-0.20369591193320158,2,-0.05796304088066799,26.881189892542718,2,none,0
246,56.1471027169235,53.38183786153916,0.32875271753612667,0.010184795596660079,-0.10184795596660079,2,-0.008981520440333995,32.1249031144344,2,none,0
247,56.148912786283915,53.38485464380653,0.32910840936438884,0.03518479559666008,0.25,1,-0.056481520440334,30.666178214992122,2,none,0
248,56.15200897179886,53.3900149529981,0.329716839260821,0.06018479559666008,0.25,1,-0.003981520440333994,30.751766965795472,2,none,0
249,56.15639127346832,53.397318789113875,0.33057801725398095,0.08518479559666009,0.25000000000000006,1,-0.0014815204403339933,27.79151956149399,2,none,0
250,56.158582424303056,53.400970707171766,0.3310086120697975,0.042592397798330045,-0.42592397798330045,0,-0.055740760220167,30.14912342443826,2,none,0
251,56.15967799972042,53.40279666620071,0.33122391086268266,0.021296198899165023,-0.21296198899165023,2,-0.057870380110083504,28.771045198530494,2,none,0
252,56.171062504373985,53.4217708406233,0.3334612047676857,0.22129619889916502,2.0,3,-0.0378703801100835,24.963485891816543,2,none,0
253,56.17675475670076,53.4312579278346,0.3345798810326819,0.11064809944958251,-1.106480994495825,0,-0.04893519005504175,27.104879021612312,2,none,0
254,56.19273593826373,53.45789323043955,0.3377206761229723,0.3106480994495825,1.9999999999999998,3,-0.028935190055041755,22.372033416625495,2,none,0
255,56.21900604906289,53.50167674843815,0.3428836703914166,0.5106480994495826,2.0000000000000004,3,0.04106480994495826,16.988903111074524,2,none,0
256,56.23241499831681,53.52402499719469,0.3455189737025077,0.26064809944958256,-2.5,0,-0.033935190055041746,23.169138445302444,2,none,0
257,56.24711006372526,53.54851677287543,0.348406966413088,0.2856480994495826,0.2500000000000002,1,-0.031435190055041744,21.051993589709596,2,none,0
258,56.26309124528822,53.575152075480375,0.3515475732299049,0.3106480994495826,0.2500000000000002,1,0.02106480994495826,20.77022806396426,2,none,0
259,56.27108183606971,53.58846972678285,0.3531178017161099,0.1553240497247913,-1.553240497247913,0,-0.04446759502752087,22.192012326872003,2,none,0
260,56.27778631069667,53.59964385116112,0.3544352497421204,0.1303240497247913,-0.24999999999999994,2,-0.046967595027520875,23.040437252121382,2,none,0
261,56.29477971455982,53.62796619093304,0.3577742801460504,0.33032404972479135,2.0000000000000004,3,-0.02696759502752087,20.177837838340558,2,none,0
262,56.313059234577494,53.65843205762916,0.3613655970037049,0.35532404972479137,0.2500000000000002,1,-0.02446759502752087,20.267211141601198,2,none,0
263,56.341022003493315,53.682657227234195,0.3679761245179416,0.3803240497247914,0.2500000000000002,1,0.028032404972479143,4.37893478583068,2,none,0
264,56.357311630536465,53.69246511786227,0.37205035389653185,0.1901620248623957,-1.9016202486239568,0,-0.04098379751376043,4.165442407771137,2,none,0
265,56.36545644405804,53.69736906317631,0.37409017393179655,0.09508101243119785,-0.9508101243119784,0,-0.0004918987568802158,3.842330637452889,2,none,0
266,56.36952885081883,53.699821035833324,0.3751107539059415,0.047540506215598924,-0.4754050621559892,0,-0.005245949378440109,3.627598370695926,2,none,0
267,56.37574280332921,53.70356242085267,0.37666887893536494,0.07254050621559893,0.25000000000000006,1,-0.05274594937844011,3.6327823742356387,2,none,0
268,56.37884977958441,53.70543311336234,0.3774483272318676,0.036270253107799466,-0.36270253107799466,0,-0.056372974689220055,3.6025761326231165,2,none,0
269,56.38409830158919,53.708593218234334,0.3787656071896604,0.06127025310779947,0.25,1,-0.05387297468922006,3.5862314398616064,2,none,0
270,56.40647918959075,53.722068622004905,0.3843908968346827,0.2612702531077995,2.0000000000000004,3,-0.033872974689220056,3.17830604759506,2,none,0
271,56.41766963359153,53.72880632389019,0.38720840083461777,0.13063512655389975,-1.3063512655389975,0,-0.04693648734461003,3.318792263118645,2,none,0
272,56.42671853184272,53.73425461341316,0.3894890439139518,0.10563512655389976,-0.24999999999999994,2,-0.04943648734461003,2.9245407048929684,2,none,0
273,56.43124298096831,53.73697875817464,0.3906301404470982,0.05281756327694988,-0.5281756327694987,0,-0.05471824367230502,3.1270297933275053,2,none,0
274,56.43790897584349,53.74099231529844,0.39231228347642083,0.07781756327694989,0.25000000000000006,1,-0.052218243672305015,2.6715823570732766,2,none,0
275,56.461707336715456,53.75532117132082,0.39832668506663454,0.2778175632769499,2.0,3,-0.03221824367230501,2.7672576399198086,2,none,0
276,56.48764724333701,53.77093943970553,0.40489790009558796,0.30281756327694986,0.24999999999999967,1,-0.029718243672305016,2.6924876661944714,2,none,0
277,56.511445604208966,53.78526829572792,0.41094049342539224,0.27781756327694984,-0.2500000000000002,2,-0.03221824367230502,3.141241663305581,2,none,0
278,56.52334478464495,53.792432723739104,0.41396664371358494,0.13890878163847492,-1.389087816384749,0,-0.04610912183615251,2.582886589752466,2,none,0
279,56.533102419331335,53.79830773938798,0.4164505318180128,0.11390878163847493,-0.24999999999999994,2,-0.048609121836152513,2.6041385347503057,2,none,0
280,56.537981236674526,53.801245247212414,0.4176932661857014,0.05695439081923746,-0.5695439081923745,0,-0.054304560918076256,2.334191122578432,2,none,0
281,56.54500159976731,53.80547216739917,0.4194824114103508,0.08195439081923747,0.25000000000000006,1,-0.05180456091807625,2.333820204392288,2,none,0
282,56.5541635086097,53.810988499948245,0.42181894024766686,0.10695439081923748,0.25000000000000006,1,0.0006954390819237464,1.9569268957173978,2,none,0
283,56.55874446303089,53.81374666622279,0.42298788123920456,0.05347719540961874,-0.5347719540961874,0,-0.05465228045903813,2.0426398849131537,2,none,0
284,56.561034940241484,53.81512574936006,0.423572519594743,0.02673859770480937,-0.2673859770480937,0,-0.007326140229519065,1.7513332807772857,2,none,0
285,56.56218017884678,53.81581529092869,0.4238648805766574,0.013369298852404685,-0.13369298852404685,0,-0.008663070114759534,1.7964610438501973,2,none,0
286,56.58045778344885,53.826820131395905,0.4285345911096235,0.2133692988524047,2.0,3,-0.038663070114759536,1.6755429827257307,2,none,0
287,56.58959658574989,53.83232255162952,0.43087204378020494,0.10668464942620234,-1.0668464942620233,0,-0.04933153505737977,1.5665080034968666,2,none,0
288,56.60087693380052,53.83911438422545,0.4337595863754693,0.13168464942620234,0.24999999999999994,1,-0.04683153505737977,1.5219191684174438,2,none,0
289,56.61001573610155,53.84461680445905,0.4361008048298944,0.10668464942620234,-0.24999999999999994,2,-0.04933153505737977,1.6039701004542868,2,none,0
290,56.61458513725207,53.847368014575856,0.4372720331172589,0.05334232471310117,-0.5334232471310116,0,-0.05466576752868989,1.4140157548761965,2,none,0
291,56.621296084152185,53.85140863705498,0.43899292219835057,0.07834232471310118,0.25000000000000006,1,-0.052165767528689885,1.1815923975700042,2,none,0
292,56.62465155760224,53.85342894829454,0.4398536943597727,0.03917116235655059,-0.3917116235655059,0,-0.05608288376434495,1.073333369397633,2,none,0
293,56.62632929432727,53.85443910391432,0.44028416182400404,0.019585581178275295,-0.19585581178275294,2,-0.05804144188217247,0.8899476234453308,2,none,0
294,56.627168162689784,53.854944181724214,0.4404994158366904,0.009792790589137648,-0.09792790589137647,0,-0.05902072094108624,0.9849218506633608,2,none,0
295,56.62758759687104,53.85519672062916,0.440607047905005,0.004896395294568824,-0.048963952945688234,0,-0.009510360470543119,0.7566025169938584,2,none,0
296,56.62779731396167,53.85532299008163,0.4406608652036359,0.002448197647284412,-0.024481976472844117,0,-0.009755180235271561,0.6798908095264207,2,none,0
297,56.627902172506985,53.85538612480787,0.44068777416894145,0.001224098823642206,-0.012240988236422059,0,-0.009877590117635782,0.6141751214555712,2,none,0
298,56.62795460177964,53.85541769217099,0.4407012287305754,0.000612049411821103,-0.006120494118211029,2,-0.0599387950588179,0.5319716744421803,2,none,0
299,56.64513939704907,53.86576455843269,0.4451140537921794,0.20061204941182112,2.0,3,-0.039938795058817894,0.485432830401381,2,none,0
300,56.653731794683786,53.87093799156354,0.44732253700706215,0.10030602470591056,-1.0030602470591055,0,-0.049969397529408946,0.343239139391528,2,none,0
301,56.65802799350114,53.87352470812896,0.44842728742578686,0.05015301235295528,-0.5015301235295527,0,-0.0049846987647044734,0.20513311846371973,2,none,0
302,56.66017609290982,53.87481806641167,0.44897978872648747,0.02507650617647764,-0.25076506176477636,0,-0.007492349382352237,0.08569354759567954,2,none,0
303,56.66125014261416,53.87546474555303,0.44925607076048957,0.01253825308823882,-0.12538253088238818,0,-0.00874617469117612,0.0,2,none,0
304,56.66178716746633,53.87578808512371,0.4493942196059895,0.00626912654411941,-0.06269126544119409,0,-0.00937308734558806,0.0,2,none,0
305,56.664465738068095,53.877400837056705,0.45008335565155355,0.03126912654411941,0.25,1,-0.05687308734558806,0.0,2,none,0
306,56.665805023368975,53.87820721302321,0.45042797210883223,0.015634563272059705,-0.15634563272059704,0,-0.058436543672794036,0.0,2,none,0
307,56.66647466601942,53.878610401006455,0.450600292412271,0.007817281636029853,-0.07817281636029852,4,-0.559218271836397,0.0,2,none,0
308,56.666809487344636,53.87881199499808,0.45068645557845893,0.003908640818014926,-0.03908640818014926,0,-0.05960913591819851,0.0,2,none,0
309,56.66697689800725,53.8789127919939,0.4507295379146416,0.001954320409007463,-0.01954320409007463,2,-0.05980456795909926,0.0,2,none,0
310,56.667060603338555,53.8789631904918,0.45075107927093727,0.0009771602045037316,-0.009771602045037315,0,-0.05990228397954963,0.0,2,none,0
311,56.669285854419456,53.88030300135203,0.4513237879711005,0.025977160204503733,0.25,1,-0.057402283979549634,0.0,2,none,0
312,56.67039847995991,53.88097290678215,0.4516101754560748,0.012988580102251866,-0.12988580102251865,0,-0.058701141989774816,0.0,2,none,0
313,56.670954792730136,53.8813078594972,0.4517533774628526,0.006494290051125933,-0.06494290051125932,0,-0.00935057099488741,0.0,2,none,0
314,56.67123294911524,53.88147533585473,0.4518249805298818,0.0032471450255629666,-0.03247145025562966,0,-0.009675285497443705,0.5214718604378159,2,none,0
315,56.68864347149713,53.89195811111084,0.45630950812995175,0.203247145025563,2.0,3,-0.0396752854974437,0.6121202533340275,2,none,0
316,56.70819553962861,53.90373029872927,0.46135185447158783,0.22824714502556298,0.24999999999999994,1,-0.03717528549744371,0.6538074995614391,2,none,0
317,56.74487997375686,53.92581778524628,0.470829417082965,0.428247145025563,2.0,3,-0.017175285497443703,0.8215706758293359,2,none,0
318,56.76322219082099,53.936861528504785,0.4755760499895078,0.2141235725127815,-2.1412357251278147,0,-0.038587642748721854,0.6647132244689383,2,none,0
319,56.772393299353055,53.94238340013404,0.47795123953860386,0.10706178625639075,-1.0706178625639073,0,0.0007061786256390735,0.6561806857923775,2,none,0
320,56.77942286213552,53.94661585940097,0.47977262196549963,0.08206178625639074,-0.25000000000000006,2,-0.05179382137436093,0.8253788962613869,2,none,0
321,56.788593970667584,53.95213773103022,0.4821499390030146,0.10706178625639075,0.25000000000000006,1,-0.04929382137436093,0.7099176845375905,2,none,0
322,56.79562353345005,53.95637019029715,0.483972921090078,0.08206178625639074,-0.25000000000000006,2,-0.05179382137436093,0.8035804315401891,2,none,0
323,56.80479464198211,53.961892061926406,0.4863522845136236,0.10706178625639075,0.25000000000000006,1,-0.04929382137436093,0.37934754987578295,2,none,0
324,56.81610729626377,53.96870334591798,0.4892887963792216,0.13206178625639076,0.25000000000000006,1,0.003206178625639074,0.5243938255574961,2,none,0
325,56.82527840479583,53.97422521754723,0.49167063044144066,0.10706178625639076,-0.24999999999999994,2,-0.049293821374360926,0.5524011445406647,2,none,0
326,56.82986395906187,53.97698615336186,0.49286194800846933,0.05353089312819538,-0.5353089312819538,0,-0.054646910687180465,0.687045433639867,2,none,0
327,56.83215673619488,53.978366621269174,0.4934577054857577,0.02676544656409769,-0.2676544656409769,0,-0.007323455343590232,0.8593332800623273,2,none,0
328,56.85158187932467,53.99006238807507,0.49850773072012333,0.2267654465640977,2.0,3,-0.03732345534359023,0.865174157835366,2,none,0
329,56.88813938845123,54.012073453779536,0.5080235368641953,0.4267654465640977,2.0,3,0.03267654465640977,0.9372351793367988,2,none,0
330,56.92255535182819,54.032795107121686,0.5169947363331002,0.40176544656409774,-0.24999999999999967,2,-0.01982345534359023,1.0053317089839469,2,none,0
331,56.95482976945556,54.05222734810151,0.525417715355992,0.3767654465640977,-0.2500000000000002,2,0.02767654465640977,1.0053477522959022,2,none,0
332,56.989245732832515,54.07294900144366,0.5344089173717343,0.40176544656409774,0.2500000000000002,1,-0.01982345534359023,1.163572607450317,2,none,0
333,57.021520150459885,54.09238124242349,0.5428481264415121,0.3767654465640977,-0.2500000000000002,2,-0.02232345534359023,1.221353440867789,2,none,0
334,57.07092693408402,54.1221287823019,0.5557784207312404,0.5767654465640977,1.9999999999999996,3,-3.00232345534359,1.3291310364934688,2,none,0
335,57.12247526345775,54.153165734542625,0.5692795780427986,0.6017654465640977,0.2500000000000002,1,-2.99982345534359,1.2685635723933943,2,none,0
336,57.15260813533552,54.17130856316013,0.5771747460838997,0.3517654465640977,-2.5,0,-0.024823455343590234,1.5755783266829781,2,none,0
337,57.18488255296289,54.19074080413996,0.5856320952621645,0.3767654465640977,0.2500000000000002,1,-0.02232345534359023,1.746169777234583,2,none,0
338,57.21929851633985,54.211462457482114,0.5946505132874063,0.40176544656409774,0.2500000000000002,1,0.030176544656409773,1.6087478270712818,2,none,0
339,57.236506498028334,54.22182328415319,0.5991592317910879,0.20088272328204887,-2.0088272328204884,0,-0.039911727671795114,1.7616126304111235,2,none,0
340,57.24511048887258,54.227003697488726,0.6014133882357575,0.10044136164102443,-1.0044136164102442,0,4.413616410244188e-05,1.7864123165680241,2,none,0
341,57.25585602546641,54.23347352318658,0.6042283720700575,0.12544136164102443,0.24999999999999994,1,-0.04745586383589756,2.0305151683908296,2,none,0
342,57.26122879376333,54.236708436035514,0.6056357531214106,0.06272068082051221,-0.6272068082051221,0,-0.05372793191794878,2.3498492122389925,2,none,0
343,57.26391517791179,54.238325892459976,0.6063394134940462,0.03136034041025611,-0.31360340410256105,0,-0.006863965958974391,2.4337548195822287,2,none,0
344,57.26874310780985,54.24123276124676,0.6076039681944613,0.05636034041025611,0.25,1,-0.05436396595897439,2.5915253236471414,2,none,0
345,57.27115707275887,54.24268619564016,0.6082362188110861,0.028180170205128054,-0.2818017020512805,0,-0.0571819829794872,2.636767697801738,2,none,0
346,57.27236405523338,54.24341291283686,0.6085523372151919,0.014090085102564027,-0.14090085102564026,0,-0.008590991489743599,2.343111887564393,2,none,0
347,57.2757125834575,54.24542904239588,0.6094293189175439,0.03909008510256403,0.25,1,-0.0560909914897436,2.5861375965775526,2,none,0
348,57.27738684756955,54.24643710717539,0.6098677958201872,0.019545042551282015,-0.19545042551282013,2,-0.058045495744871806,2.647588259855765,2,none,0
349,57.27822397962558,54.24694113956514,0.6100870307107398,0.009772521275641008,-0.09772521275641007,2,-0.0090227478724359,2.9121832225970246,2,none,0
350,57.2812026574312,54.24873458431722,0.6108670912406496,0.03477252127564101,0.25,1,-0.0565227478724359,2.9958848795150996,2,none,0
351,57.282691996334016,54.24963130669325,0.6112571098058598,0.017386260637820505,-0.17386260637820505,0,-0.058261373936217956,2.874570390533784,2,none,0
352,57.28343666578542,54.25007966788127,0.6114521161117176,0.008693130318910253,-0.08693130318910253,0,-0.009130686968108977,3.306227973202257,2,none,0
353,57.286322880986425,54.25181744143162,0.6122079091161082,0.033693130318910254,0.25,1,-0.05663068696810898,3.142828646736176,2,none,0
354,57.29135064193702,54.25484462734428,0.6135244192680767,0.058693130318910255,0.25,1,-0.004130686968108976,3.356550747264987,2,none,0
355,57.29386452241232,54.25635822030061,0.6141826376796766,0.029346565159455128,-0.29346565159455124,0,-0.057065343484054495,3.666469459342612,2,none,0
356,57.29512146264997,54.257115016778776,0.6145117374704498,0.014673282579727564,-0.14673282579727562,0,-0.008532671742027246,3.905737959349918,2,none,0
357,57.298519948637214,54.259161225619266,0.6154015177798082,0.03967328257972756,0.24999999999999997,1,-0.05603267174202725,3.629685561573412,2,none,0
358,57.30021919163084,54.260184330039515,0.6158463900285476,0.01983664128986378,-0.1983664128986378,2,-0.058016335871013625,3.511113117374385,2,none,0
359,57.319050800621234,54.27152273335834,0.6207757665128899,0.2198366412898638,2.0,3,-0.03801633587101362,3.949320871281594,2,none,0
360,57.3550147756084,54.29317643557574,0.6301847067911159,0.4198366412898638,2.0,3,0.03198366412898638,4.029857926445106,2,none,0
361,57.39312029634516,54.31611955015546,0.640145178314943,0.4448366412898638,0.24999999999999967,1,-0.015516335871013621,4.261637687569773,2,none,0
362,57.42908427133233,54.33777325237287,0.6495358843603259,0.41983664128986375,-0.2500000000000002,2,-0.018016335871013624,4.1566515090174425,2,none,0
363,57.44706625882591,54.34860010348157,0.6542270773509533,0.20991832064493188,-2.0991832064493186,0,-0.039008167935506814,3.968125147488916,2,none,0
364,57.46718979206909,54.360716366952595,0.6594733426354501,0.23491832064493187,0.24999999999999994,1,-0.03650816793550682,4.672996382447017,2,none,0
365,57.47725155869068,54.36677449868811,0.662094956238462,0.11745916032246594,-1.1745916032246593,0,-0.04825408396775341,4.536356714759773,2,none,0
366,57.48228244200148,54.369803564555866,0.6634053677726086,0.05872958016123297,-0.5872958016123296,0,-0.004127041983876705,4.347153900876143,2,none,0
367,57.484797883656874,54.37131809748974,0.6640604727887736,0.029364790080616484,-0.2936479008061648,0,-0.007063520991938353,4.926009232882805,2,none,0
368,57.48605560448457,54.37207536395668,0.6643879998676488,0.014682395040308242,-0.1468239504030824,2,-0.058531760495969185,5.009915249525092,2,none,0
369,57.48945487106187,54.37412204278594,0.6652731282002962,0.039682395040308245,0.25,1,-0.05603176049596918,4.728619691215491,2,none,0
370,57.49115450435051,54.37514538220057,0.6657156452515318,0.019841197520154123,-0.19841197520154122,2,-0.05801588024798459,5.234143620054118,2,none,0
371,57.509986503635936,54.386484020513784,0.6706165950406247,0.21984119752015413,2.0,3,-0.03801588024798459,5.04524157131961,2,none,0
372,57.545950868918126,54.40813795772557,0.6799645472461404,0.41984119752015414,2.0,3,0.031984119752015414,4.804998803845666,2,none,0
373,57.56393305155922,54.41896492633147,0.6846323979399116,0.20992059876007707,-2.0992059876007705,0,-0.039007940123992293,5.615406451556595,2,none,0
374,57.59904760019708,54.44010719383594,0.6937347887838472,0.4099205987600771,2.0,3,-0.019007940123992297,5.51405978509651,2,none,0
375,57.61660487451602,54.45067832758818,0.6982793114053965,0.20496029938003854,-2.0496029938003852,0,-0.03950397006199615,5.078502256045944,2,none,0
376,57.62538351167549,54.4559638944643,0.7005498252661674,0.10248014969001927,-1.0248014969001926,0,0.0002480149690019251,5.897034678991089,2,none,0
377,57.62977283025522,54.45860667790236,0.701684635485427,0.051240074845009635,-0.5124007484500963,0,-0.004875992515499038,5.4918853563092265,2,none,0
378,57.651294514831726,54.471564760239,0.7072444144798651,0.25124007484500965,2.0,3,-0.03487599251549904,5.281549473334655,2,none,0
379,57.662055357119975,54.47804380140732,0.7100214825786253,0.12562003742250483,-1.2562003742250483,0,-0.04743799625774952,5.681775585489766,2,none,0
380,57.6674357782641,54.48128332199148,0.7114092933768461,0.06281001871125241,-0.6281001871125241,0,-0.00371899812887476,5.443798222964662,2,none,0
381,57.689948565405004,54.49483814147422,0.7172108172130885,0.2628100187112524,2.0,3,-0.03371899812887476,5.520910363490491,2,none,0
382,57.72959371854267,54.518708259855536,0.7274053971126807,0.46281001871125244,2.0,3,0.03628100187112524,6.833524023226115,2,none,0
383,57.78637123767711,54.55289367713544,0.7419532866117183,0.6628100187112524,2.0,3,0.056281001871125245,6.009999669533582,2,none,0
384,57.845290302561146,54.588368506777655,0.7569793751202857,0.6878100187112525,0.2500000000000002,1,0.008781001871125245,5.684377697849514,2,none,0
385,57.90206782169559,54.622553924057556,0.7655533161456468,0.6628100187112524,-0.2500000000000002,2,0.006281001871125243,5.661888715934714,2,none,0
386,57.960986886579626,54.658028753699774,0.7741209118798855,0.6878100187112525,0.2500000000000002,1,0.008781001871125245,5.468602835059329,2,none,0
387,57.998490493967694,54.680609459718774,0.7795753055346378,0.43781001871125247,-2.5,0,-0.016218998128874756,7.443036359242289,2,none,0
388,58.01724229766173,54.69189981272827,0.7823026354136158,0.21890500935562623,-2.1890500935562622,0,0.011890500935562622,6.9895099516720505,2,none,0
389,58.02661819950875,54.69754498923302,0.78366631586697,0.10945250467781312,-1.0945250467781311,0,0.0009452504677813101,7.191590860415717,2,none,0
390,58.033852555606174,54.70190075337545,0.7847185213593896,0.08445250467781312,-0.24999999999999994,2,-0.05155474953221869,7.372122457110207,2,none,0
391,58.03746973365489,54.70407863544666,0.7852446241768272,0.04222625233890656,-0.4222625233890656,0,-0.05577737476610935,6.820883073872034,2,none,0
392,58.04322845745319,54.7075459298802,0.7860822046889347,0.06722625233890656,0.24999999999999994,1,-0.053277374766109345,6.721114572268104,2,none,0
393,58.06611954724827,54.721328523212314,0.7894115792028664,0.26722625233890657,2.0,3,-0.03327737476610935,7.6800914923485415,2,none,0
394,58.08686909129375,54.733821704182105,0.7924293888475845,0.24222625233890657,-0.24999999999999994,2,-0.03577737476610934,7.891999140303513,2,none,0
395,58.09724386331649,54.740068294667,0.7939382438259301,0.12111312616945329,-1.211131261694533,0,-0.04788868738305468,7.171907110513802,2,none,0
396,58.12475100133601,54.75663018405048,0.7979385209916341,0.3211131261694533,2.0,3,-0.027888687383054674,7.873758782654686,2,none,0
397,58.16939050535229,54.78350737233254,0.8044293416227742,0.5211131261694533,1.9999999999999996,3,0.042111312616945326,5.972108774484193,2,none,0
398,58.21617155511817,54.81167397297691,0.8112297548546283,0.5461131261694533,0.2500000000000002,1,-0.005388687383054674,5.585045638995693,2,none,0
399,58.287879394199564,54.82823751677746,0.8260267400302498,0.7461131261694534,2.0000000000000004,3,0.01461131261694533,4.491734820191083,2,none,0
400,58.33699105456265,54.83522719128607,0.8369183447704175,0.49611312616945336,-2.5,0,-0.010388687383054665,5.8765154356867155,2,none,0
401,58.36154688474419,54.838722028540374,0.8423776065852607,0.24805656308472668,-2.480565630847267,0,0.014805656308472668,7.6653714620665365,2,none,0
402,58.37382479983497,54.84046944716752,0.845110469638686,0.12402828154236334,-1.2402828154236334,0,0.002402828154236333,8.1110587657899,2,none,0
403,58.37996375738035,54.8413431564811,0.8464776924557974,0.06201414077118167,-0.6201414077118167,0,-0.0037985859228818345,7.370795056791791,2,none,0
404,58.388577536582964,54.84256908760357,0.8483969665747866,0.08701414077118166,0.24999999999999994,1,-0.051298585922881834,7.49755113418103,2,none,0
405,58.3996661374428,54.84414724053493,0.8508691555752664,0.11201414077118167,0.25000000000000006,1,0.0012014140771181656,7.950346219883764,2,none,0
406,58.40521043787272,54.84493631700061,0.8521058704503784,0.056007070385590836,-0.5600707038559083,0,-0.05439929296144092,8.170552384734938,2,none,0
407,58.40798258808768,54.845330855233456,0.8527243814172636,0.028003535192795418,-0.28003535192795415,0,-0.0071996464807204605,7.868139676527794,2,none,0
408,58.40936866319515,54.845528124349876,0.8530336750871116,0.014001767596397709,-0.14001767596397707,0,-0.008599823240360231,7.659169653782593,2,none,0
409,58.41006170074889,54.84562675890808,0.853188331444122,0.0070008837981988545,-0.07000883798198854,2,-0.05929991162018012,8.445021907813897,2,none,0
410,58.41322955995986,54.846077615275185,0.8538953428056998,0.032000883798198855,0.25,1,-0.05679991162018012,9.144694579007531,2,none,0
411,58.41481348956534,54.84630304345874,0.8542488979422048,0.016000441899099428,-0.16000441899099427,0,-0.05839995581009006,8.058675660398237,2,none,0
412,58.41560545436808,54.84641575755052,0.8544256878377342,0.008000220949549714,-0.08000220949549713,0,-0.00919997790504503,8.142749586048152,2,none,0
413,58.41600143676945,54.8464721145964,0.8545140858627346,0.004000110474774857,-0.04000110474774857,0,-0.009599988952522516,7.9964571251432055,2,none,0
414,58.43619599242861,54.849346246113434,0.8590249518751011,0.20400011047477487,2.0,3,-0.039599988952522515,6.92283110899686,2,none,0
415,58.45391572643055,54.85186815582158,0.8629872692646139,0.17900011047477488,-0.24999999999999994,2,-0.04209998895252252,6.7616847642818705,2,none,0
416,58.469160638775264,54.854037843720825,0.8663992773658233,0.15400011047477488,-0.24999999999999994,2,0.005400011047477487,6.910562682916846,2,none,0
417,58.47678309494762,54.85512268767045,0.8681063267535379,0.07700005523738744,-0.7700005523738743,0,-0.05229999447626126,7.721584269207562,2,none,0
418,58.48193072946275,54.855855309811176,0.8692595273518795,0.05200005523738744,-0.25,2,-0.05479999447626126,7.18564469464784,2,none,0
419,58.506876937235674,54.859405706423054,0.8748524350884922,0.25200005523738744,2.0,3,-0.03479999447626126,5.636886715546411,2,none,0
420,58.51935004112214,54.861180904729,0.8776515060176978,0.12600002761869372,-1.260000276186937,0,-0.04739999723813063,7.430927672164719,2,none,0
421,58.52934832335138,54.86260388122604,0.8798964269894961,0.10100002761869373,-0.24999999999999994,2,-0.04989999723813063,7.041316667947941,2,none,0
422,58.534347464465995,54.86331536947456,0.8810192874670444,0.050500013809346864,-0.5050001380934686,0,-0.05494999861906532,6.623166005858362,2,none,0
423,58.559145178838406,54.86684463219423,0.8865929534395806,0.2505000138093469,2.0,3,-0.034949998619065316,5.204119424008108,2,none,0
424,58.57154403602461,54.86860926355406,0.8893821083983905,0.12525000690467344,-1.2525000690467343,0,-0.04747499930953266,6.5429286962284685,2,none,0
425,58.603741466468605,54.873191669385044,0.8966318652685367,0.3252500069046734,1.9999999999999998,3,-0.027474999309532663,5.157239463766269,2,none,0
426,58.619840181690606,54.87548287230054,0.9002602841568766,0.1626250034523367,-1.626250034523367,0,-0.04373749965476634,6.301904662436474,2,none,0
427,58.627889539301606,54.87662847375828,0.9020753379184199,0.08131250172616836,-0.8131250172616835,0,-0.0018687498273831666,6.696780039026798,2,none,0
428,58.631914218107106,54.877201274487156,0.902983070760658,0.04065625086308418,-0.40656250863084176,0,-0.005934374913691584,6.8377539370841225,2,none,0
429,58.63841371856983,54.87812629702492,0.9044492642072712,0.06565625086308419,0.25000000000000006,1,-0.05343437491369159,6.595867317758219,2,none,0
430,58.64166346880119,54.878588808293806,0.9051824913734453,0.03282812543154209,-0.32828125431542093,0,-0.05671718745684579,5.947193730509976,2,none,0
431,58.64328834391687,54.878820063928245,0.9055491372290843,0.016414062715771047,-0.16414062715771047,0,-0.008358593728422898,6.930224030748883,2,none,0
432,58.64410078147471,54.87893569174547,0.9057324681827442,0.008207031357885523,-0.08207031357885523,0,-0.009179296864211449,6.503893027387183,2,none,0
433,58.64450700025363,54.87899350565407,0.9058241356607449,0.004103515678942762,-0.04103515678942762,2,-0.05958964843210573,6.836901553339817,2,none,0
434,58.64471010964309,54.87902241260838,0.9058699698993768,0.002051757839471381,-0.02051757839471381,0,-0.059794824216052866,6.691792301310498,2,none,0
435,58.66471179229034,54.88186909403383,0.910385206282744,0.20205175783947138,2.0,3,-0.03979482421605286,5.0561173433892606,2,none,0
436,58.67471263361397,54.88329243474656,0.9126439783838526,0.10102587891973569,-1.010258789197357,0,-0.04989741210802644,5.119302637183114,2,none,0
437,58.70451204819538,54.88753354993043,0.9193787137810383,0.3010258789197357,2.0,3,-0.029897412108026433,3.9532005566088784,2,none,0
438,58.73183664111958,54.89142244330541,0.9255593860634134,0.27602587891973573,-0.24999999999999967,2,-0.03239741210802643,4.025158076056482,2,none,0
439,58.761636055701,54.89566355848928,0.9323050131827461,0.30102587891973576,0.2500000000000002,1,-0.029897412108026426,3.8760169921579277,2,none,0
440,58.776535762991706,54.89778411608122,0.9356796634406983,0.15051293945986788,-1.5051293945986788,0,-0.044948706054013216,4.702731869139076,2,none,0
441,58.78398561663706,54.89884439487719,0.9373674144058713,0.07525646972993394,-0.7525646972993394,0,-0.0024743530270066073,4.914646567038148,2,none,0
442,58.8112340435402,54.9027224481443,0.9435427341539675,0.27525646972993395,2.0,3,-0.03247435302700661,3.7078184831598944,2,none,0
443,58.84095729210057,54.90695272322031,0.9502825100779192,0.3002564697299339,0.24999999999999967,1,-0.02997435302700661,3.60222170964322,2,none,0
444,58.855818916380755,54.90906786075831,0.9536536173163934,0.15012823486496696,-1.5012823486496696,0,-0.044987176513503306,4.0326503093461294,2,none,0
445,58.86324972852085,54.91012542952731,0.9553394423601431,0.07506411743248348,-0.7506411743248348,0,-0.0024935882567516535,5.008068717055702,2,none,0
446,58.89047911391873,54.91400077276746,0.9615183258633814,0.2750641174324835,2.0,3,-0.03249358825675165,3.3907037767601156,2,none,0
447,58.915233677659394,54.917523894198716,0.9671371874885596,0.25006411743248347,-0.2500000000000002,2,-0.034993588256751654,3.4616847485626656,2,none,0
448,58.92761095952972,54.919285454914345,0.9699470617003022,0.12503205871624173,-1.2503205871624172,0,-0.04749679412837583,4.038270286176632,2,none,0
449,58.959786814657846,54.92386479010112,0.9772525777503572,0.32503205871624175,2.0,3,-0.02749679412837583,3.189475937701051,2,none,0
450,58.994437491443186,54.928796347096785,0.9851208943512452,0.35003205871624177,0.2500000000000002,1,-0.024996794128375827,2.971128088584868,2,none,0
451,59.03156298988576,54.934080125901346,0.9935511289682807,0.3750320587162418,0.2500000000000002,1,0.02750320587162418,2.5867891316702973,2,none,0
452,59.05012573910704,54.93672201530362,0.9977658612249469,0.1875160293581209,-1.8751602935812088,0,-0.04124839706418791,3.2437383564680755,2,none,0
453,59.05940711371768,54.938042960004765,0.99987306559126,0.09375801467906045,-0.9375801467906044,0,-0.0006241985320939569,3.28163610029166,2,none,0
454,59.064047801023,54.93870343235533,1.0009266191506174,0.046879007339530224,-0.4687900733953022,0,-0.005312099266046979,3.860330590198185,2,none,0
455,59.088487061586115,54.942181679177054,1.0064743091994486,0.24687900733953022,2.0,3,-0.03531209926604698,2.7491598866268516,2,none,0
456,59.11540114380645,54.946012147807664,1.0125822333976227,0.2718790073395302,0.24999999999999967,1,-0.03281209926604699,2.506327548093825,2,none,0
457,59.12885818491662,54.94792738212297,1.0156354500204121,0.1359395036697651,-1.3593950366976508,0,-0.04640604963302349,3.0620923030273364,2,none,0
458,59.139840404369565,54.94949039462938,1.018126741986788,0.1109395036697651,-0.24999999999999994,2,-0.048906049633023495,3.032252353751698,2,none,0
459,59.145331514096036,54.95027190088258,1.0193722352979486,0.05546975183488255,-0.5546975183488254,0,-0.05445302481651175,3.0347805899002807,2,none,0
460,59.15329744547974,54.951405628944684,1.021178876485131,0.08046975183488256,0.25000000000000006,1,-0.05195302481651175,2.8931652558523244,2,none,0
461,59.18106195012122,54.955357131477925,1.0274738277614033,0.28046975183488254,1.9999999999999998,3,-0.03195302481651175,2.2666367227943978,2,none,0
462,59.19494420244197,54.95733288274455,1.030620069659729,0.14023487591744127,-1.4023487591744126,0,-0.04597651240825588,2.4146412008356077,2,none,0
463,59.206351633105484,54.95895641220228,1.0332047489476683,0.11523487591744128,-0.24999999999999994,2,-0.04847651240825587,2.4299150354596404,2,none,0
464,59.237557637026796,54.963397716131155,1.0402719613939309,0.31523487591744126,1.9999999999999998,3,-0.028476512408255876,1.7057038363899044,2,none,0
465,59.27123846260533,54.96819124186892,1.0478934196147145,0.3402348759174413,0.2500000000000002,1,-0.025976512408255874,1.6824544253597362,2,none,0
466,59.30739410984109,54.973336989415586,1.056066724034212,0.3652348759174413,0.2500000000000002,1,0.02652348759174413,1.6556515470130444,2,none,0
467,59.34107493541962,54.97813051515335,1.063672039070776,0.3402348759174413,-0.2500000000000002,2,-0.025976512408255874,1.4703496107762977,1,none,0
468,59.37723058265538,54.983276262700016,1.0718260116638445,0.3652348759174413,0.2500000000000002,1,-0.02347651240825587,1.360054084193345,1,none,0
469,59.41586105154836,54.988774232055576,1.0805253063270068,0.3902348759174413,0.2500000000000002,1,0.029023487591744133,1.3100861911039778,1,none,0
470,59.45696634209857,54.994624423220024,1.0897659705727016,0.41523487591744135,0.2500000000000002,1,0.031523487591744136,1.1319548932431476,1,none,0
471,59.500546454306004,55.00082683619337,1.099543365125364,0.44023487591744137,0.2500000000000002,1,0.03402348759174414,1.001629012074921,1,none,0
472,59.54165174485621,55.00667702735782,1.1087454270822197,0.41523487591744135,-0.2500000000000002,2,-0.018476512408255867,0.9473674086994259,1,none,0
473,59.58523185706364,55.012879440331155,1.118478517568053,0.44023487591744137,0.2500000000000002,1,-0.015976512408255865,0.888337246919849,1,none,0
474,59.63128679092829,55.019434075113395,1.128736701469389,0.4652348759174414,0.2500000000000002,1,0.03652348759174414,0.7292802169262647,1,none,0
475,59.67486690313572,55.02563648808673,1.1384157005354139,0.44023487591744137,-0.2500000000000002,2,-0.015976512408255865,0.7529114658482794,1,none,0
476,59.73824558860095,55.034656675531224,1.1524398709669021,0.6402348759174414,2.0000000000000004,3,-2.9959765124082556,0.5494646475129031,1,none,0
477,59.80409909572339,55.044029084784604,1.1669414639906712,0.6652348759174415,0.2500000000000002,1,-2.9934765124082556,0.4715470788936903,1,none,0
478,59.88975117610363,55.05621926850913,1.1856868931662912,0.8652348759174415,2.0000000000000004,3,-2.9734765124082556,0.30443471153880747,1,none,0
479,59.950655039911624,55.06488723414473,1.1989303655042955,0.6152348759174415,-2.5,0,-2.9984765124082555,0.3124630508379152,1,none,0
480,60.03135747697741,55.07637297425147,1.2108296663153264,0.8152348759174415,1.9999999999999996,3,-2.9784765124082555,0.20562878993024442,1,none,0
481,60.114534735700424,55.0882109361671,1.2193569365787933,0.8402348759174415,0.2500000000000002,1,-2.9759765124082556,0.14855856342234866,1,none,0
482,60.1729637778512,55.09652667999381,1.2253479618782,0.5902348759174415,-2.5,0,-3.0009765124082555,0.14416407479948856,1,none,0
483,60.25119139325977,55.107660198291654,1.2333693842000408,0.7902348759174416,2.0000000000000004,3,-2.9809765124082555,0.06988106510290125,1,none,0
484,60.34921758192612,55.12161149106065,1.243420049988813,0.9902348759174415,1.9999999999999996,3,-2.910976512408256,0.022945298289337664,1,none,0
485,60.444768948935256,55.13521056202075,1.2532142099751307,0.9652348759174415,-0.2500000000000002,2,-22.963476512408256,0.0,1,none,1
