# scenario=1a, ego_maneuver=stem_right, seed=42, episode_idx=15, terminal_step=79, collision_agent_id=unknown
step,ego_x,ego_y,ego_psi,ego_v,ego_a,action,reward,min_ttc,n_agents,collision_agent_id,terminal_flag
0,54.8,4.1,0.0,0.0,0.0,2,-0.010000000000000002,10.0,0,none,0
1,54.8,4.1,0.0,0.0,0.0,0,-0.060000000000000005,10.0,0,none,0
2,54.8,4.119999999999999,0.0,0.2,2.0,3,0.019999999999945436,10.0,0,none,0
3,54.8,4.159999999999999,0.0,0.4,2.0,3,0.15000000000001876,10.0,0,none,0
4,54.8,4.219999999999999,0.0,0.6000000000000001,2.0000000000000004,3,0.23000000000000684,10.0,0,none,0
5,54.8,4.299999999999999,0.0,0.8,1.9999999999999996,3,0.3099999999999949,10.0,0,none,0
6,54.8,4.377499999999999,0.0,0.775,-0.2500000000000002,2,0.2500000000000017,10.0,0,none,0
7,54.8,4.429999999999999,0.0,0.525,-2.5,0,0.14999999999998465,10.0,0,none,0
8,54.8,4.502499999999999,0.0,0.7250000000000001,2.0000000000000004,3,0.23000000000001536,10.0,0,none,0
9,54.8,4.594999999999999,0.0,0.925,1.9999999999999996,3,0.36000000000000343,10.0,0,none,0
10,54.8,4.707499999999999,0.0,1.125,1.9999999999999996,3,0.4399999999999915,10.0,0,none,0
11,54.8,4.839999999999999,0.0,1.325,1.9999999999999996,3,0.5199999999999796,10.0,0,none,0
12,54.8,4.992499999999999,0.0,1.525,1.9999999999999996,3,0.6000000000000102,10.0,0,none,0
13,54.8,5.164999999999999,0.0,1.7249999999999999,1.9999999999999996,3,0.6800000000000409,10.0,0,none,0
14,54.8,5.357499999999999,0.0,1.9249999999999998,1.9999999999999996,3,0.7599999999999864,37.442272467563164,1,none,0
15,54.8,5.569999999999999,0.0,2.125,2.0000000000000018,3,0.8400000000000171,33.520750277570876,1,none,0
16,54.8,5.802499999999999,0.0,2.325,2.0000000000000018,3,0.9199999999999625,29.88508140918415,1,none,0
17,54.8,6.055,0.0,2.5250000000000004,2.0000000000000018,3,0.9999999999999932,26.697125947937757,1,none,0
18,54.8,6.3275,0.0,2.7250000000000005,2.0000000000000018,3,1.080000000000024,23.969360725684727,1,none,0
19,54.8,6.619999999999999,0.0,2.9250000000000007,2.0000000000000018,3,1.1599999999999695,21.70364298014932,1,none,0
20,54.8,6.9325,0.0,3.125000000000001,2.0000000000000018,3,1.2400000000000002,19.70782373704867,1,none,0
21,54.8,7.265000000000001,0.0,3.325000000000001,2.0000000000000018,3,1.320000000000031,18.04347630005417,1,none,0
22,54.8,7.617500000000001,0.0,3.5250000000000012,2.0000000000000018,3,1.3999999999999764,16.584609413794634,1,none,0
23,54.8,7.990000000000001,0.0,3.7250000000000014,2.0000000000000018,3,1.480000000000007,15.335191991997023,1,none,0
24,54.8,8.382500000000002,0.0,3.9250000000000016,2.0000000000000018,3,1.5600000000000378,14.179223216920898,1,none,0
25,54.8,8.795000000000002,0.0,4.125000000000002,2.0000000000000018,3,1.6399999999999832,13.182263728554728,1,none,0
26,54.8,9.227500000000003,0.0,4.325000000000002,2.0000000000000018,3,1.720000000000014,12.31308605157277,1,none,0
27,54.8,9.680000000000003,0.0,4.525000000000002,2.0000000000000018,3,1.7999999999999594,11.542336967325399,1,none,0
28,54.8,10.152500000000003,0.0,4.725000000000002,2.0000000000000018,3,1.8800000000000328,10.811335772052695,1,none,0
29,54.8,10.645000000000003,0.0,4.9250000000000025,2.0000000000000018,3,1.9599999999999782,10.156062500889822,1,none,0
30,54.8,11.157500000000004,0.0,5.125000000000003,2.0000000000000018,3,2.0400000000000515,9.557655498202378,1,none,0
31,54.8,11.690000000000005,0.0,5.325000000000003,2.0000000000000018,3,2.119999999999997,8.997624256030262,1,none,0
32,54.8,12.242500000000005,0.0,5.525000000000003,2.0000000000000018,3,2.199999999999985,8.525641362896538,1,none,0
33,54.8,12.815000000000005,0.0,5.725000000000003,2.0000000000000018,3,2.280000000000016,8.045255186295273,1,none,0
34,54.8,13.347500000000005,0.0,5.325000000000003,-4.0000000000000036,4,1.569999999999997,8.062898434053118,1,none,0
35,54.8,13.900000000000004,0.0,5.525000000000003,2.0000000000000018,3,2.1499999999999853,7.636624255748776,2,none,0
36,54.8,14.472500000000004,0.0,5.725000000000003,2.0000000000000018,3,2.280000000000016,7.230135537825605,2,none,0
37,54.8,15.065000000000008,0.0,5.925000000000003,2.0000000000000018,3,2.360000000000004,6.857560561378,2,none,0
38,54.8,15.655000000000005,0.0,5.900000000000004,-0.24999999999999467,2,2.300000000000011,6.625175268147715,2,none,0
39,54.8,16.265000000000008,0.0,6.100000000000004,2.0000000000000018,3,2.3799999999999564,6.275984176360544,2,none,0
40,54.8,16.895000000000007,0.0,6.300000000000004,2.0000000000000018,3,2.509999999999987,5.943606242758504,2,none,0
41,54.8,17.54500000000001,0.0,6.500000000000004,2.0000000000000018,3,2.5900000000000176,5.645471639828907,2,none,0
42,54.8,18.21500000000001,0.0,6.700000000000005,2.0000000000000018,3,2.6700000000000483,5.370257985591142,2,none,0
43,54.8,18.905000000000012,0.0,6.900000000000005,2.0000000000000018,3,2.749999999999994,5.104334186556893,2,none,0
44,54.8,19.59000000000001,0.0,6.850000000000005,-0.4999999999999982,1,2.6800000000000077,4.919789169282215,2,none,0
45,54.8,20.295000000000012,0.0,7.050000000000005,2.0000000000000018,3,2.7599999999999953,4.677956150816362,2,none,0
46,54.8,21.020000000000014,0.0,7.250000000000005,2.0000000000000018,3,2.8900000000000263,4.44071819862299,2,none,0
47,54.8,21.765000000000015,0.0,7.4500000000000055,2.0000000000000018,3,2.9699999999999713,4.208246175287934,2,none,0
48,54.8,22.530000000000015,0.0,7.650000000000006,2.0000000000000018,3,3.0500000000000025,3.9928943157772605,2,none,0
49,54.8,23.315000000000015,0.0,7.850000000000006,2.0000000000000018,3,3.12999999999999,3.783302694647326,2,none,0
50,54.8,24.120000000000015,0.0,8.050000000000006,2.0000000000000018,3,3.2100000000000213,3.5872256999164103,2,none,0
51,54.8,24.94500000000001,0.0,8.250000000000005,1.999999999999993,3,3.2899999999999663,3.397049206176579,2,none,0
52,54.8,25.76750000000002,0.0,8.225000000000005,-0.25000000000000355,2,3.2300000000000586,3.242710257980837,2,none,0
53,54.8,26.610000000000017,0.0,8.425000000000004,1.999999999999993,3,3.310000000000004,3.0607740131396453,2,none,0
54,54.8,27.47250000000002,0.0,8.625000000000004,1.999999999999993,3,0.4399999999999493,2.890594028676091,2,none,0
55,54.8,28.355000000000018,0.0,8.825000000000003,1.999999999999993,3,0.5200000000000227,2.7224641637503066,2,none,0
56,54.8,29.257500000000014,0.0,9.025000000000002,1.999999999999993,3,0.6000000000000103,2.5636254267139282,2,none,0
57,54.8,30.18000000000002,0.0,9.225000000000001,1.999999999999993,3,0.6799999999999984,2.4057702432212746,2,none,0
58,54.8,31.122500000000016,0.0,9.425,1.999999999999993,3,0.7599999999999865,2.2531950263054177,2,none,0
59,54.8,32.085000000000015,0.0,9.625,1.999999999999993,3,0.8400000000000172,2.1047191168628885,2,none,0
60,54.8,33.06750000000002,0.0,9.825,1.999999999999993,3,0.9199999999999626,1.9613397515158348,2,none,0
61,54.8,34.070000000000014,0.0,10.024999999999999,1.999999999999993,3,0.9999999999999929,1.8209637194796782,2,none,0
62,54.8,35.092500000000015,0.0,10.224999999999998,1.999999999999993,3,1.0800000000000236,1.6832321837957605,2,none,0
63,54.8,36.13500000000001,0.0,10.424999999999997,1.999999999999993,3,1.1599999999999904,1.5497824326185106,2,none,0
64,54.8,37.172500000000014,0.0,10.374999999999996,-0.5000000000000071,1,1.0900000000000039,1.4354570609382926,2,none,0
65,54.8,38.23000000000001,0.0,10.574999999999996,1.999999999999993,3,1.169999999999992,1.311029591471257,2,none,0
66,54.8,39.28250000000001,0.0,10.524999999999995,-0.5000000000000071,1,1.1500000000000055,1.2144820955678661,2,none,0
67,54.8,40.35500000000001,0.0,10.724999999999994,1.999999999999993,3,1.2299999999999935,1.1067733379457294,2,none,0
68,54.8,41.44750000000001,0.0,10.924999999999994,1.999999999999993,3,1.3600000000000028,0.999331634229789,2,none,0
69,54.8,42.56000000000001,0.0,11.124999999999993,1.999999999999993,3,1.4399999999999908,0.8927897168057067,2,none,0
70,54.8,43.69250000000001,0.0,11.324999999999992,1.999999999999993,3,1.52,0.7879414479221593,2,none,0
71,54.8,44.845000000000006,0.0,11.524999999999991,1.999999999999993,3,1.599999999999988,0.6821763443510124,2,none,0
72,54.8,46.017500000000005,0.0,11.72499999999999,1.999999999999993,3,1.6799999999999975,0.5786955725154979,2,none,0
73,54.8,47.21000000000001,0.0,11.92499999999999,1.999999999999993,3,1.7600000000000067,0.47542990583348027,2,none,0
74,54.8,48.42250000000001,0.0,12.12499999999999,1.999999999999993,3,1.8399999999999948,0.37258974567454456,2,none,0
75,54.80777939239393,49.65445574675757,0.00194511030388278,12.324999999999989,1.999999999999993,3,26.844999999999988,0.271516743887571,2,none,0
76,54.981401286276814,50.86980900393772,0.04546331589592545,12.274999999999988,-0.5000000000000071,1,-3.8325000000000014,0.18412138760768984,2,none,0
77,55.17856602825916,52.097610047098605,0.09512614773614224,12.474999999999987,1.999999999999993,3,-3.8125000000000013,0.09295503465227216,2,none,0
78,55.83079149887958,53.18465249813262,0.26574365876102934,12.674999999999986,1.999999999999993,3,-3.7425000000000015,0.020989320492774726,2,none,0
79,56.688847492772695,54.093308495663614,0.469679802530776,12.874999999999986,1.999999999999993,3,-21.7225,0.0,2,none,1
