# scenario=1b, ego_maneuver=stem_right, seed=3865, episode_idx=76, terminal_step=465, collision_agent_id=unknown
step,ego_x,ego_y,ego_psi,ego_v,ego_a,action,reward,min_ttc,n_agents,collision_agent_id,terminal_flag
0,54.8,4.119999999999999,0.0,0.2,2.0,3,0.0700000000000307,10.0,0,none,0
1,54.8,4.159999999999999,0.0,0.4,2.0,3,0.14999999999997612,10.0,0,none,0
2,54.8,4.219999999999999,0.0,0.6000000000000001,2.0000000000000004,3,0.23000000000000684,10.0,0,none,0
3,54.8,4.299999999999999,0.0,0.8,1.9999999999999996,3,0.3099999999999949,10.0,0,none,0
4,54.8,4.339999999999999,0.0,0.4,-4.0,4,-0.3999999999999812,10.0,0,none,0
5,54.8,4.399999999999999,0.0,0.6000000000000001,2.0000000000000004,3,0.18000000000000682,10.0,0,none,0
6,54.8,4.479999999999999,0.0,0.8,1.9999999999999996,3,0.30999999999995226,71.69655115754925,1,none,0
7,54.8,4.579999999999998,0.0,1.0,1.9999999999999996,3,0.39000000000002555,45.63899526071911,1,none,0
8,54.8,4.679999999999998,0.0,1.0,0.0,1,0.34000000000002556,43.70038837359946,1,none,0
9,54.8,4.799999999999998,0.0,1.2,1.9999999999999996,3,0.419999999999971,39.07025098681961,1,none,0
10,54.8,4.939999999999998,0.0,1.4,1.9999999999999996,3,0.5500000000000017,34.76134542362331,1,none,0
11,54.8,5.077499999999998,0.0,1.375,-0.2499999999999991,2,0.4900000000000085,33.771058011733295,1,none,0
12,54.8,5.234999999999998,0.0,1.575,1.9999999999999996,3,0.5699999999999965,31.075099234975514,1,none,0
13,54.8,5.412499999999998,0.0,1.775,1.9999999999999996,3,0.6999999999999846,27.566339333482716,1,none,0
14,54.8,5.609999999999998,0.0,1.9749999999999999,1.9999999999999996,3,0.7800000000000153,24.856781037956114,1,none,0
15,54.8,5.827499999999998,0.0,2.175,1.9999999999999996,3,0.8600000000000034,22.649743257297164,1,none,0
16,54.8,6.064999999999998,0.0,2.375,2.0000000000000018,3,0.9399999999999915,20.51086714352646,1,none,0
17,54.8,6.322499999999998,0.0,2.575,2.0000000000000018,3,1.0199999999999796,18.737480989707713,1,none,0
18,54.8,6.574999999999998,0.0,2.5250000000000004,-0.4999999999999982,1,0.9499999999999932,19.40100147491191,1,none,0
19,54.8,6.8474999999999975,0.0,2.7250000000000005,2.0000000000000018,3,1.030000000000024,17.629827356935614,1,none,0
20,54.8,7.139999999999999,0.0,2.9250000000000007,2.0000000000000018,3,1.1600000000000121,16.427680437257536,1,none,0
21,54.8,7.4525,0.0,3.125000000000001,2.0000000000000018,3,1.2400000000000002,15.04156191694873,1,none,0
22,54.8,7.739999999999999,0.0,2.875000000000001,-2.5,0,1.0900000000000256,16.464136563603812,1,none,0
23,54.8,8.0475,0.0,3.075000000000001,2.0000000000000018,3,1.169999999999971,15.193008561858507,1,none,0
24,54.8,8.3525,0.0,3.050000000000001,-0.2499999999999991,2,1.159999999999978,15.329720557144423,1,none,0
25,54.8,8.677499999999998,0.0,3.2500000000000013,2.0000000000000018,3,1.2400000000000513,14.323807723575548,1,none,0
26,54.8,8.997499999999999,0.0,3.200000000000001,-0.5000000000000027,1,1.2199999999999795,14.436543022420903,1,none,0
27,54.8,9.337499999999999,0.0,3.4000000000000012,2.0000000000000018,3,1.3000000000000103,13.452863935261798,2,none,0
28,54.8,9.697499999999998,0.0,3.6000000000000014,2.0000000000000018,3,1.4299999999999558,12.47928478381003,2,none,0
29,54.8,10.077499999999999,0.0,3.8000000000000016,2.0000000000000018,3,1.510000000000029,11.570051555291936,2,none,0
30,54.8,10.454999999999998,0.0,3.7750000000000017,-0.2499999999999991,2,1.4499999999999933,11.706505285470476,2,none,0
31,54.8,10.8525,0.0,3.975000000000002,2.0000000000000018,3,1.5299999999999814,11.001644579137247,2,none,0
32,54.8,11.245,0.0,3.9250000000000016,-0.5000000000000027,1,1.5100000000000378,11.013164966383837,2,none,0
33,54.8,11.657499999999999,0.0,4.125000000000002,2.0000000000000018,3,1.5899999999999832,10.235015621248325,2,none,0
34,54.8,12.09,0.0,4.325000000000002,2.0000000000000018,3,1.720000000000014,9.66091777522614,2,none,0
35,54.8,12.5425,0.0,4.525000000000002,2.0000000000000018,3,1.7999999999999594,9.067135066621601,2,none,0
36,54.8,12.970000000000002,0.0,4.275000000000002,-2.5,0,1.6500000000000274,9.554171703029917,2,none,0
37,54.8,13.417500000000002,0.0,4.475000000000002,2.0000000000000018,3,1.729999999999973,8.992321404211115,2,none,0
38,54.8,13.862500000000002,0.0,4.450000000000003,-0.24999999999999467,2,1.720000000000065,8.932203017380402,2,none,0
39,54.8,14.2825,0.0,4.200000000000003,-2.5,0,1.6199999999999628,9.539016278452925,2,none,0
40,54.8,14.662500000000001,0.0,3.800000000000003,-3.999999999999999,4,0.9599999999999866,10.573141405415003,2,none,0
41,54.8,15.040000000000003,0.0,3.775000000000003,-0.2499999999999991,2,1.4499999999999935,10.607750592150976,2,none,0
42,54.8,15.437500000000002,0.0,3.975000000000003,2.0000000000000018,3,1.5300000000000242,9.838362973977839,2,none,0
43,54.8,15.855000000000002,0.0,4.175000000000003,2.0000000000000018,3,1.6600000000000124,9.162917815835751,2,none,0
44,54.8,16.267500000000002,0.0,4.1250000000000036,-0.4999999999999982,1,1.5900000000000258,9.197451444607433,2,none,0
45,54.8,16.700000000000003,0.0,4.325000000000004,2.0000000000000018,3,1.6699999999999713,8.61699069969783,2,none,0
46,54.8,17.152500000000003,0.0,4.525000000000004,2.0000000000000018,3,1.800000000000002,8.10508240827594,2,none,0
47,54.8,17.602500000000003,0.0,4.5000000000000036,-0.25000000000000355,2,1.7400000000000089,8.1524440006772,2,none,0
48,54.8,18.012500000000003,0.0,4.100000000000003,-4.0000000000000036,4,1.07999999999999,8.867546677139435,2,none,0
49,54.8,18.442500000000003,0.0,4.300000000000003,2.0000000000000018,3,1.6599999999999782,8.322583789198273,2,none,0
50,54.8,18.867500000000003,0.0,4.2500000000000036,-0.4999999999999982,1,1.6400000000000345,8.308859181307552,2,none,0
51,54.8,19.290000000000003,0.0,4.225000000000003,-0.25000000000000355,2,1.6299999999999986,8.291369306976817,2,none,0
52,54.8,19.7325,0.0,4.425000000000003,2.0000000000000018,3,1.7099999999999866,7.741482891203581,2,none,0
53,54.8,20.195,0.0,4.6250000000000036,2.0000000000000018,3,1.8399999999999748,7.343107063432767,2,none,0
54,54.8,20.655,0.0,4.600000000000003,-0.25000000000000355,2,1.7800000000000242,7.243305491539557,2,none,0
55,54.8,21.09,0.0,4.350000000000003,-2.5,0,1.680000000000007,7.700837533378716,2,none,0
56,54.8,21.5,0.0,4.100000000000003,-2.5,0,1.6299999999999901,8.156918864156328,2,none,0
57,54.8,21.93,0.0,4.300000000000003,2.0000000000000018,3,1.6600000000000208,7.605457715247559,2,none,0
58,54.8,22.355,0.0,4.2500000000000036,-0.4999999999999982,1,1.639999999999992,7.631158891939566,2,none,0
59,54.8,22.8,0.0,4.450000000000004,2.0000000000000018,3,1.7200000000000226,7.102833392005072,2,none,0
60,54.8,23.265,0.0,4.650000000000004,2.0000000000000018,3,1.8499999999999681,6.601386180616999,2,none,0
61,54.8,23.75,0.0,4.850000000000004,2.0000000000000018,3,1.9299999999999988,6.187479257000698,2,none,0
62,54.8,24.2325,0.0,4.825000000000005,-0.24999999999999467,2,1.8700000000000057,6.195433800815829,2,none,0
63,54.8,24.69,0.0,4.575000000000005,-2.5,0,1.7699999999999885,6.510293936468865,2,none,0
64,54.8,25.1675,0.0,4.775000000000005,2.0000000000000018,3,1.8500000000000192,6.10831024105149,2,none,0
65,54.8,25.642500000000005,0.0,4.750000000000005,-0.24999999999999467,2,1.840000000000026,6.077224932802041,2,none,0
66,54.8,26.115000000000002,0.0,4.725000000000005,-0.25000000000000355,2,1.8799999999999903,6.039441797988377,2,none,0
67,54.8,26.6075,0.0,4.925000000000005,2.0000000000000018,3,1.9099999999999784,5.581130785186215,2,none,0
68,54.8,27.095000000000002,0.0,4.875000000000005,-0.4999999999999982,1,1.889999999999992,5.596148364530803,2,none,0
69,54.8,27.602500000000003,0.0,5.0750000000000055,2.0000000000000018,3,1.9700000000000226,5.199985596857647,2,none,0
70,54.8,28.130000000000003,0.0,5.275000000000006,2.0000000000000018,3,2.0999999999999894,4.883285044672773,2,none,0
71,54.8,28.677500000000006,0.0,5.475000000000006,2.0000000000000018,3,2.179999999999999,4.5514891503948025,2,none,0
72,54.8,29.245,0.0,5.675000000000006,2.0000000000000018,3,2.2600000000000082,4.246191383639851,2,none,0
73,54.8,29.810000000000002,0.0,5.650000000000006,-0.25000000000000355,2,2.199999999999994,4.1970512080203015,2,none,0
74,54.8,30.35,0.0,5.400000000000006,-2.5,0,2.0999999999999983,4.3428646451776824,2,none,0
75,54.8,30.887500000000003,0.0,5.375000000000005,-0.25000000000000355,2,2.090000000000005,4.275173104617174,2,none,0
76,54.8,31.400000000000002,0.0,5.125000000000005,-2.5,0,1.9900000000000089,4.536000763569681,2,none,0
77,54.8,31.932500000000005,0.0,5.3250000000000055,2.0000000000000018,3,2.069999999999997,4.140578743804552,2,none,0
78,54.8,32.46,0.0,5.275000000000006,-0.4999999999999982,1,2.0499999999999896,4.127568239165548,2,none,0
79,54.8,33.0075,0.0,5.475000000000006,2.0000000000000018,3,2.129999999999999,3.833036698943805,2,none,0
80,54.8,33.53,0.0,5.225000000000006,-2.5,0,2.0300000000000034,4.005467487470066,2,none,0
81,54.8,34.050000000000004,0.0,5.200000000000006,-0.24999999999999467,2,2.0200000000000102,3.9851043830570503,2,none,0
82,54.8,34.545,0.0,4.950000000000006,-2.5,0,1.919999999999993,4.192009952805693,2,none,0
83,54.8,35.06,0.0,5.150000000000007,2.0000000000000018,3,2.0000000000000027,3.8957449387043903,2,none,0
84,54.8,35.595000000000006,0.0,5.350000000000007,2.0000000000000018,3,2.130000000000012,3.5926512849159025,2,none,0
85,54.8,36.09,0.0,4.950000000000006,-4.0000000000000036,4,1.419999999999993,3.9421365999091944,2,none,0
86,54.8,36.605000000000004,0.0,5.150000000000007,2.0000000000000018,3,2.0000000000000027,3.665459480214989,2,none,0
87,54.8,37.080000000000005,0.0,4.750000000000007,-3.9999999999999947,4,1.340000000000005,4.03069795658504,2,none,0
88,54.8,37.550000000000004,0.0,4.700000000000007,-0.4999999999999982,1,1.8199999999999974,3.992993361902859,2,none,0
89,54.8,38.017500000000005,0.0,4.675000000000008,-0.24999999999999467,2,1.8100000000000043,4.005957576632273,2,none,0
90,54.8,38.46000000000001,0.0,4.425000000000008,-2.5,0,1.7100000000000084,4.244028927993031,2,none,0
91,54.8,38.87750000000001,0.0,4.175000000000008,-2.5,0,1.6600000000000128,4.593445909463837,2,none,0
92,54.8,39.25500000000001,0.0,3.775000000000008,-3.999999999999999,4,0.949999999999994,5.1823735008612,2,none,0
93,54.8,39.62750000000001,0.0,3.7250000000000076,-0.5000000000000027,1,1.4300000000000075,5.314159622883907,2,none,0
94,54.8,39.975000000000016,0.0,3.4750000000000076,-2.5,0,1.3300000000000118,5.700524149673734,2,none,0
95,54.8,40.31750000000002,0.0,3.425000000000008,-0.4999999999999982,1,1.3100000000000043,5.838528740734197,2,none,0
96,54.8,40.63500000000002,0.0,3.175000000000008,-2.5,0,1.2100000000000084,6.442002954927162,2,none,0
97,54.8,40.91250000000002,0.0,2.775000000000008,-3.999999999999999,4,0.5500000000000109,7.626822639998342,2,none,0
98,54.8,41.15000000000003,0.0,2.375000000000008,-3.999999999999999,4,0.4400000000000136,9.085575588355479,2,none,0
99,54.8,41.40750000000003,0.0,2.575000000000008,2.0000000000000018,3,0.9700000000000017,8.13746668435418,2,none,0
100,54.8,41.660000000000025,0.0,2.5250000000000083,-0.4999999999999982,1,0.949999999999994,8.233914715723056,2,none,0
101,54.8,41.872500000000024,0.0,2.1250000000000084,-3.999999999999999,4,0.2899999999999966,10.093538428488012,2,none,0
102,54.8,42.060000000000024,0.0,1.8750000000000084,-2.5,0,0.6900000000000008,11.593968983305285,2,none,0
103,54.8,42.222500000000025,0.0,1.6250000000000084,-2.5,0,0.6400000000000051,13.629477924765467,2,none,0
104,54.8,42.38250000000003,0.0,1.6000000000000085,-0.2499999999999991,2,0.5800000000000118,13.649579405638091,2,none,0
105,54.8,42.56250000000003,0.0,1.8000000000000085,1.9999999999999996,3,0.6599999999999999,12.083480895888112,2,none,0
106,54.8,42.76250000000003,0.0,2.0000000000000084,1.9999999999999996,3,0.7900000000000094,10.429060249582825,2,none,0
107,54.8,42.98250000000003,0.0,2.2000000000000086,2.0000000000000018,3,0.8699999999999974,9.324734917158697,2,none,0
108,54.8,43.20000000000003,0.0,2.1750000000000087,-0.2499999999999991,2,0.8100000000000043,9.583505393281035,2,none,0
109,54.8,43.41250000000003,0.0,2.125000000000009,-0.4999999999999982,1,0.7899999999999966,9.595912320054644,2,none,0
110,54.8,43.62250000000003,0.0,2.100000000000009,-0.2499999999999991,2,0.7800000000000034,9.732874017743715,2,none,0
111,54.8,43.830000000000034,0.0,2.075000000000009,-0.2499999999999991,2,0.8200000000000103,9.73779481288064,2,none,0
112,54.8,44.032500000000034,0.0,2.0250000000000092,-0.4999999999999982,1,0.7500000000000026,9.947274003044592,2,none,0
113,54.8,44.210000000000036,0.0,1.7750000000000092,-2.5,0,0.6500000000000068,11.603305460182055,2,none,0
114,54.8,44.382500000000036,0.0,1.7250000000000092,-0.5000000000000004,1,0.6299999999999992,11.828105263057747,2,none,0
115,54.8,44.55250000000004,0.0,1.700000000000009,-0.25000000000000133,2,0.620000000000006,12.031094011317704,2,none,0
116,54.8,44.71750000000004,0.0,1.650000000000009,-0.5000000000000004,1,0.5999999999999983,12.449088471580046,2,none,0
117,54.8,44.85750000000004,0.0,1.400000000000009,-2.5,0,0.5000000000000026,14.610925273542305,2,none,0
118,54.8,44.992500000000035,0.0,1.350000000000009,-0.5000000000000004,1,0.47999999999999493,14.89719431769249,2,none,0
119,54.8,45.147500000000036,0.0,1.550000000000009,1.9999999999999996,3,0.5600000000000043,13.017207552969559,2,none,0
120,54.8,45.27750000000004,0.0,1.300000000000009,-2.5,0,0.46000000000000857,15.271366196209527,2,none,0
121,54.8,45.42750000000004,0.0,1.5000000000000089,1.9999999999999996,3,0.5399999999999966,13.429850257383269,2,none,0
122,54.8,45.59750000000004,0.0,1.7000000000000088,1.9999999999999996,3,0.670000000000006,11.450904373898462,2,none,0
123,54.8,45.78750000000004,0.0,1.9000000000000088,1.9999999999999996,3,0.749999999999994,10.15324145423471,2,none,0
124,54.8,45.937500000000036,0.0,1.5000000000000089,-3.999999999999999,4,0.039999999999996635,13.100245860312203,2,none,0
125,54.8,46.085000000000036,0.0,1.475000000000009,-0.2499999999999991,2,0.5300000000000034,13.295260055109344,2,none,0
126,54.8,46.25250000000004,0.0,1.675000000000009,1.9999999999999996,3,0.6100000000000128,11.566036574198385,2,none,0
127,54.8,46.39500000000004,0.0,1.425000000000009,-2.5,0,0.5099999999999958,13.854302427858435,2,none,0
128,54.8,46.51250000000004,0.0,1.175000000000009,-2.5,0,0.4600000000000001,16.64345009327824,2,none,0
129,54.8,46.62750000000004,0.0,1.1500000000000088,-0.25000000000000133,2,0.40000000000000685,16.104727665048333,2,none,0
130,54.8,46.76250000000004,0.0,1.3500000000000087,1.9999999999999996,3,0.47999999999999493,13.956063678856342,2,none,0
131,54.8,46.91750000000004,0.0,1.5500000000000087,1.9999999999999996,3,0.6100000000000043,12.142350166333191,2,none,0
132,54.8,47.04750000000004,0.0,1.3000000000000087,-2.5,0,0.46000000000000857,14.788301516040603,2,none,0
133,54.8,47.17250000000004,0.0,1.2500000000000087,-0.5000000000000004,1,0.4400000000000009,15.38903406908016,2,none,0
134,54.8,47.25750000000004,0.0,0.8500000000000086,-4.0,4,-0.2199999999999966,19.47328286215191,2,none,0
135,54.8,47.317500000000045,0.0,0.6000000000000086,-2.5,0,0.1800000000000077,25.221347284591534,2,none,0
136,54.8,47.37500000000004,0.0,0.5750000000000086,-0.2500000000000002,2,0.1699999999999932,23.803952545228274,2,none,0
137,54.8,47.435000000000045,0.0,0.6000000000000086,0.2500000000000002,1,0.1800000000000077,25.931969751820784,2,none,0
138,54.8,47.51500000000004,0.0,0.8000000000000087,2.0000000000000004,3,0.25999999999999573,20.625411380751366,2,none,0
139,54.8,47.592500000000044,0.0,0.7750000000000087,-0.2500000000000002,2,0.2500000000000026,20.295355153850302,2,none,0
140,54.8,47.66750000000005,0.0,0.7500000000000087,-0.2500000000000002,2,0.29000000000000936,21.783902106897916,2,none,0
141,54.8,47.762500000000045,0.0,0.9500000000000086,1.9999999999999996,3,0.31999999999999745,18.348394737973496,2,none,0
142,54.8,47.86000000000005,0.0,0.9750000000000043,0.24999999999995692,1,0.33000000000001156,18.204637273669054,2,none,0
143,54.8,47.97750000000005,0.0,1.1750000000000043,1.9999999999999996,3,0.4099999999999996,15.233584489275938,2,none,0
144,54.8,48.09250000000005,0.0,1.1500000000000044,-0.2499999999999991,2,0.4000000000000064,15.320664905046028,2,none,0
145,54.8,48.22750000000005,0.0,1.3500000000000043,1.9999999999999996,3,0.4799999999999945,13.136066683572365,2,none,0
146,54.8,48.38250000000005,0.0,1.5500000000000043,1.9999999999999996,3,0.6100000000000039,11.344393230623464,2,none,0
147,54.8,48.55750000000005,0.0,1.7500000000000042,1.9999999999999996,3,0.689999999999992,10.063427890428034,2,none,0
148,54.8,48.72750000000005,0.0,1.7000000000000042,-0.5000000000000004,1,0.6200000000000054,10.477487624754948,2,none,0
149,54.8,48.91750000000005,0.0,1.9000000000000041,1.9999999999999996,3,0.6999999999999935,9.059440632678017,2,none,0
150,54.80387443989783,49.12722303822951,0.0009686767431051901,2.100000000000004,1.9999999999999996,3,11.75749999999987,8.024814215588755,2,none,0
151,54.829938853755934,49.31035984086408,0.007488580215468721,1.850000000000004,-2.5,0,0.1250000000000004,9.025228857085303,2,none,0
152,54.855651045805146,49.49102182184142,0.013925711834150034,1.8250000000000042,-0.2499999999999991,2,0.12250000000000043,9.367168785137205,2,none,0
153,54.87784101976542,49.64693558624653,0.019484897618950114,1.5750000000000042,-2.5,0,0.0975000000000004,10.920587645866345,2,none,0
154,54.90284876819685,49.82264792390943,0.025753843224979978,1.7750000000000041,1.9999999999999996,3,0.11750000000000042,9.236180331692282,2,none,0
155,54.924334298539335,49.97361204500009,0.031142723765872574,1.5250000000000041,-2.5,0,0.0925000000000004,10.999505723579487,2,none,0
156,54.94018427993954,50.08497901957516,0.035119643631955855,1.125000000000004,-4.000000000000001,4,-0.4474999999999996,14.355481213884874,2,none,0
157,54.95039871239744,50.15674884763465,0.037683163330286096,0.725000000000004,-4.0,4,-0.4374999999999996,20.981434452351984,2,none,0
158,54.95709092676641,50.20377045912191,0.039362952960908526,0.475000000000004,-2.5,0,-0.012499999999999602,26.41899910309366,2,none,0
159,54.960437033950896,50.22728126486554,0.04020291611799576,0.237500000000002,-2.3750000000000195,0,0.0137500000000002,31.600259362994183,2,none,0
160,54.96343091932649,50.24831724895194,0.04095449942009255,0.212500000000002,-0.24999999999999994,2,-0.038749999999999805,28.881584491912072,2,none,0
161,54.96924257917323,50.28915180629613,0.04241355258767654,0.412500000000002,1.9999999999999998,3,-0.0187499999999998,27.45110452980467,2,none,0
162,54.9721484090966,50.30956908496823,0.04314312579700453,0.206250000000001,-2.0625000000000098,0,-0.0393749999999999,30.5230913851627,2,none,0
163,54.977872013491115,50.34978493689812,0.044580251093423444,0.406250000000001,2.0,3,-0.0193749999999999,24.839467922013426,2,none,0
164,54.980733815688374,50.36989286286306,0.04529885561131742,0.2031250000000005,-2.031250000000005,4,-0.5396875,31.794917760748255,2,none,0
165,54.98324339607674,50.38752596717079,0.04592903867998576,0.1781250000000005,-0.24999999999999994,2,-0.042187499999999954,30.09519421996907,2,none,0
166,54.986105198274,50.40763389313573,0.046647693125730694,0.2031250000000005,0.24999999999999994,1,-0.03968749999999995,28.527518976557065,2,none,0
167,54.9917847749424,50.44754039235846,0.04807402070110389,0.4031250000000005,2.0,3,-0.019687499999999948,26.984460058086768,2,none,0
168,54.9978165734197,50.489921713238424,0.049588906349598005,0.42812500000000053,0.2500000000000002,1,-0.017187499999999946,23.046032052851217,2,none,0
169,55.00420059370589,50.53477785577561,0.0511923612125862,0.45312500000000056,0.2500000000000002,1,0.03531250000000006,23.491488328305905,2,none,0
170,55.010232392183184,50.57715917665556,0.05270744505258463,0.42812500000000053,-0.2500000000000002,2,-0.017187499999999946,26.504306269445006,2,none,0
171,55.01324829142184,50.59834983709555,0.05346501952992222,0.21406250000000027,-2.1406250000000027,0,-0.038593749999999975,26.308562219068193,2,none,0
172,55.01475624104116,50.60894516731554,0.05384381452789189,0.10703125000000013,-1.0703125000000013,0,0.0007031250000000128,27.068013207436532,2,none,0
173,55.016616412469375,50.62201531919275,0.05431109410485991,0.13203125000000013,0.24999999999999994,1,-0.04679687499999999,26.600040039627117,2,none,0
174,55.01882880570649,50.63756029272719,0.05486686233436222,0.15703125000000012,0.24999999999999994,1,0.00570312500000001,29.903426883789642,2,none,0
175,55.02385897341475,50.672903839519414,0.056130512063506936,0.35703125000000013,2.0,3,-0.02429687499999999,27.130650687593494,2,none,0
176,55.028536919314114,50.705772564654424,0.057305722406547195,0.3320312500000001,-0.2500000000000002,2,-0.02679687499999999,26.898238565358128,2,none,0
177,55.03087589226379,50.722206927221926,0.05789334234331278,0.16601562500000006,-1.6601562500000004,0,-0.0433984375,28.896474522147543,2,none,0
178,55.032862643404584,50.736166468132204,0.05839248095366557,0.14101562500000006,-0.24999999999999994,2,-0.0458984375,29.69648831646302,2,none,0
179,55.037667169016515,50.76992458230027,0.05959956537282518,0.34101562500000004,1.9999999999999998,3,-0.025898437499999996,26.678298851350544,2,none,0
180,55.0452894690996,50.82348126972613,0.06151465368159892,0.541015625,1.9999999999999996,3,0.044101562500000004,20.73918844223037,2,none,0
181,55.049389551093746,50.85228974057976,0.06254482221259995,0.291015625,-2.5,0,-0.030898437500000004,24.082985299255743,2,none,0
182,55.05384185489679,50.8835730330906,0.06366350957020317,0.316015625,0.2500000000000002,1,-0.0283984375,23.480356485209434,2,none,0
183,55.06111193317098,50.934654898859236,0.06549023205017535,0.5160156250000001,2.0000000000000004,3,-0.008398437499999994,22.64145151141384,2,none,0
184,55.07119978591631,51.00553533788567,0.06802502737656035,0.716015625,1.9999999999999996,3,0.061601562500000005,18.933895992507388,2,none,0
185,55.07624371228898,51.04097555739888,0.06929244316095251,0.3580078125,-3.580078125,4,-0.52419921875,22.4565434375384,2,none,0
186,55.07876567547531,51.05869566715549,0.06992615380210676,0.17900390625,-1.7900390625,0,-0.042099609375,27.290119555515087,2,none,0
187,55.08002665706848,51.06755572203379,0.07024300958724816,0.089501953125,-0.89501953125,4,-0.5510498046875001,28.333951952620406,2,none,0
188,55.08065714786506,51.071985749472944,0.07040143756812367,0.0447509765625,-0.447509765625,0,-0.05552490234375,31.00283204407451,2,none,0
189,55.08097239326335,51.074200763192515,0.07048065157715855,0.02237548828125,-0.2237548828125,2,-0.05776245117187501,28.23611781728428,2,none,0
190,55.0811300159625,51.075308270052304,0.07052025858589128,0.011187744140625,-0.11187744140625,0,-0.0588812255859375,27.02466503513221,2,none,0
191,55.081208827312075,51.0758620234822,0.07054006209125685,0.0055938720703125,-0.055938720703125,2,-0.05944061279296876,31.952544443824408,2,none,0
192,55.08410541313279,51.09621435016989,0.0712679087570136,0.20559387207031252,2.0,3,-0.03944061279296875,28.16817633188982,2,none,0
193,55.08555370604315,51.10639051351373,0.07163183217585199,0.10279693603515626,-1.0279693603515625,0,-0.04972030639648438,28.29847213586039,2,none,0
194,55.086277852498334,51.11147859518565,0.07181379386458865,0.05139846801757813,-0.5139846801757812,0,-0.004860153198242189,28.66004987947897,2,none,0
195,55.086649777144615,51.11409185520034,0.07190725013766985,0.026398468017578128,-0.25,2,-0.05736015319824219,28.305867526922693,2,none,0
196,55.08683573946776,51.11539848520769,0.0719539782707479,0.013199234008789064,-0.13199234008789062,0,-0.0586800765991211,29.591591701373943,2,none,0
197,55.08692872062933,51.116051800211366,0.0719773423363319,0.006599617004394532,-0.06599617004394531,0,-0.009340038299560548,30.3481478937041,2,none,0
198,55.08697521121012,51.1163784577132,0.0719890243688739,0.003299808502197266,-0.032998085021972656,2,-0.059670019149780276,28.389309170255427,2,none,0
199,55.08699845650051,51.116541786464126,0.07199486538508106,0.001649904251098633,-0.016499042510986328,4,-0.5598350095748902,25.67823857503023,2,none,0
200,55.087010079145706,51.11662345083958,0.07199778589316841,0.0008249521255493165,-0.008249521255493164,0,-0.05991750478744507,29.831241849038314,2,none,0
201,55.08701589046831,51.11666428302731,0.071999246147209,0.00041247606277465825,-0.004124760627746582,0,-0.009958752393722537,25.607467314896397,2,none,0
202,55.087018796129605,51.11668469912118,0.07199997627422716,0.00020623803138732912,-0.002062380313873291,0,-0.009979376196861268,30.795706018672597,2,none,0
203,55.08983947626205,51.136503688472835,0.07270874900732306,0.20020623803138735,2.0,3,-0.03997937619686127,25.954743586610636,2,none,0
204,55.09124981632827,51.14641318314866,0.07306313491132221,0.10010311901569367,-1.0010311901569366,0,-0.049989688098430636,27.951355213082277,2,none,0
205,55.09195498636139,51.15136793048658,0.07324032770874189,0.050051559507846836,-0.5005155950784683,4,-0.5549948440492154,25.243268981134666,2,none,0
206,55.09230757137794,51.15384530415553,0.07332892406393698,0.025025779753923418,-0.25025779753923416,0,-0.05749742202460766,28.99270615772097,2,none,0
207,55.092483863886216,51.155083990990015,0.07337322223004873,0.012512889876961709,-0.12512889876961708,4,-0.5587487110123038,26.552796551104393,2,none,0
208,55.09257201014036,51.15570333440725,0.07339537131015761,0.0062564449384808546,-0.06256444938480854,0,-0.059374355506151916,27.06644596730961,2,none,0
209,55.09301237820339,51.158797499481715,0.0735060254148554,0.03125644493848086,0.25,1,-0.05687435550615192,24.712798892688188,2,none,0
210,55.0932325622349,51.16034458201894,0.07356135244769235,0.01562822246924043,-0.15628222469240427,0,-0.05843717775307596,26.982106584677506,2,none,0
211,55.09334265425066,51.161118123287565,0.07358901595908574,0.007814111234620214,-0.07814111234620214,4,-0.559218588876538,24.34438174488138,2,none,0
212,55.09339770025854,51.16150489392187,0.07360284771350735,0.003907055617310107,-0.03907055617310107,4,-0.509609294438269,24.454031945531863,2,none,0
213,55.09342522326248,51.161698279239026,0.07360976359039628,0.0019535278086550536,-0.019535278086550534,2,-0.0598046472191345,29.269253120697954,2,none,0
214,55.09380496807531,51.1643664862134,0.07370518441615427,0.026953527808655054,0.25,1,-0.0573046472191345,26.82444378159616,2,none,0
215,55.09399484048173,51.16570058970059,0.07375289481314695,0.013476763904327527,-0.13476763904327527,0,-0.05865232360956725,23.858266783619314,2,none,0
216,55.09408977668494,51.16636764144418,0.07377675000757788,0.0067383819521637635,-0.06738381952163763,0,-0.009326161804783625,28.042030358379776,2,none,0
217,55.09453693469704,51.169509514845004,0.07388911007053456,0.03173838195216377,0.25000000000000006,1,-0.05682616180478363,28.06206044668741,2,none,0
218,55.09476051370309,51.171080451545414,0.073945290078272,0.015869190976081884,-0.15869190976081882,2,-0.05841308090239182,24.18101267870047,2,none,0
219,55.09487230320612,51.171865919895616,0.07397338007604937,0.007934595488040942,-0.07934595488040941,0,-0.05920654045119591,28.71418045790865,2,none,0
220,55.09492819795763,51.17225865407072,0.07398742507339584,0.003967297744020471,-0.039672977440204704,2,-0.05960327022559796,28.490021500585684,2,none,0
221,55.095336314518036,51.17512620990305,0.07408997484916657,0.028967297744020473,0.25,1,-0.057103270225597955,26.73062072633346,2,none,0
222,55.09856220554959,51.19779233899316,0.07490056069391858,0.22896729774402047,2.0,3,-0.03710327022559796,25.08080840347564,2,none,0
223,55.104605871052286,51.240257041341074,0.07641916953717298,0.4289672977440205,2.0,3,0.03289672977440205,20.250920347391403,2,none,0
224,55.10762770380364,51.261489392515024,0.07717846565120023,0.21448364887201024,-2.1448364887201024,0,-0.03855163511279898,25.108759837485966,2,none,0
225,55.11346731102613,51.30252031694677,0.07864576437058425,0.4144836488720103,2.0000000000000004,3,-0.018551635112798975,21.36268722824114,2,none,0
226,55.11638711463738,51.323035779162645,0.07937940236538821,0.20724182443600514,-2.072418244360051,0,-0.03927581755639949,21.5630311802989,2,none,0
227,55.117847016443,51.33329351027058,0.07974621817611593,0.10362091221800257,-1.0362091221800256,0,0.0003620912218002554,25.67711475418843,2,none,0
228,55.12212469271977,51.36334981463631,0.08082101634934524,0.3036209122180026,2.0,3,-0.029637908778199745,23.320132660335794,2,none,0
229,55.12675459080543,51.39588094065926,0.08198428818591275,0.3286209122180026,0.2500000000000002,1,-0.027137908778199743,19.565919108270304,2,none,0
230,55.12906953984827,51.41214650367073,0.08256591352114451,0.1643104561090013,-1.643104561090013,0,-0.04356895438909987,23.506836011729543,2,none,0
231,55.13022701436969,51.42027928517647,0.08285672337089234,0.08215522805450065,-0.8215522805450065,4,-0.5517844771945499,23.887033631000673,2,none,0
232,55.13420226336225,51.44821063994,0.08385547025788576,0.28215522805450066,2.0,3,-0.03178447719454994,22.489286750358996,2,none,0
233,55.138529734163704,51.478616816360756,0.08494268142416406,0.3071552280545007,0.2500000000000002,1,-0.029284477194549935,20.790969304635333,2,none,0
234,55.14069346956443,51.49381990457113,0.08548627512874307,0.15357761402725034,-1.5357761402725034,0,-0.044642238597274966,24.69783116705061,2,none,0
235,55.1456749794363,51.5288215660393,0.0867377440476853,0.35357761402725035,2.0,3,-0.02464223859727497,19.256262085689123,2,none,0
236,55.14816573437224,51.546322396773384,0.087363460691537,0.17678880701362518,-1.7678880701362516,0,-0.04232111929863749,22.348889916493174,2,none,0
237,55.15030426749929,51.56134840585024,0.08790068372242278,0.15178880701362518,-0.24999999999999994,2,-0.04482111929863748,20.483152170577426,2,none,0
238,55.151373534062806,51.56886141038867,0.08816929167726695,0.07589440350681259,-0.7589440350681259,0,-0.05241055964931875,23.34514945621083,2,none,0
239,55.151908167344565,51.57261791265789,0.08830359474759587,0.037947201753406296,-0.37947201753406296,0,-0.006205279824659372,23.310049407405963,2,none,0
240,55.152175483985445,51.574496163792496,0.08837074605386919,0.018973600876703148,-0.18973600876703148,0,-0.008102639912329688,22.470214513546786,2,none,0
241,55.15230914230589,51.575435289359795,0.08840432164951939,0.009486800438351574,-0.09486800438351574,2,-0.05905131995616485,23.89289915290247,2,none,0
242,55.15237597146611,51.57590485214345,0.08842110943293835,0.004743400219175787,-0.04743400219175787,4,-0.5595256599780825,22.766304148008413,2,none,0
243,55.152409386046216,51.57613963353528,0.08842950332104248,0.0023717001095878935,-0.023717001095878935,2,-0.05976282998904121,21.66416543804307,2,none,0
244,55.152426093336274,51.57625702423119,0.08843370026419371,0.0011858500547939467,-0.011858500547939467,4,-0.5598814149945206,24.45624978476721,2,none,0
245,55.1524344469813,51.57631571957914,0.08843579873554376,0.0005929250273969734,-0.005929250273969734,2,-0.059940707497260305,21.662767994306325,2,none,0
246,55.15243862380382,51.57634506725312,0.08843684797116236,0.0002964625136984867,-0.002964625136984867,0,-0.059970353748630155,25.235648734283778,2,none,0
247,55.152440712215075,51.576359741090116,0.08843737258895756,0.00014823125684924334,-0.0014823125684924334,0,-0.009985176874315077,21.262084232558248,2,none,0
248,55.15526057509747,51.5961729881849,0.08914572545206512,0.20014823125684925,2.0,3,-0.039985176874315076,22.718133503548607,2,none,0
249,55.15772821617099,51.61351141362245,0.08976558516562805,0.17514823125684925,-0.24999999999999994,2,-0.04248517687431508,22.51970224832476,2,none,0
250,55.15896203670774,51.622180626341226,0.09007550974859078,0.08757411562842463,-0.8757411562842462,0,-0.05124258843715754,24.32698892027729,2,none,0
251,55.1598436354356,51.62837501740278,0.09029695719342222,0.06257411562842463,-0.24999999999999994,2,-0.05374258843715754,22.717393089430562,2,none,0
252,55.16028443479953,51.63147221293356,0.09040768022073808,0.031287057814212316,-0.31287057814212316,0,-0.05687129421857877,23.98954309184302,2,none,0
253,55.1605048344815,51.63302081069895,0.09046304155943652,0.015643528907106158,-0.15643528907106158,0,-0.008435647109289386,22.578965647373096,2,none,0
254,55.16061503432248,51.63379510958164,0.09049072218489607,0.007821764453553079,-0.07821764453553079,0,-0.009217823554644695,24.529630703819315,2,none,0
255,55.16067013424297,51.63418225902299,0.09050456248663409,0.0039108822267765395,-0.039108822267765395,0,-0.009608911777322348,23.239411131396725,2,none,0
256,55.160697684203214,51.63437583374366,0.0905114826347535,0.0019554411133882697,-0.019554411133882697,0,-0.009804455888661174,24.81257657067494,2,none,0
257,55.161077455972354,51.63704423012156,0.09060687557591596,0.02695544111338827,0.25,1,-0.05730445588866118,23.58533233577919,2,none,0
258,55.16126734185693,51.63837842831051,0.09065457191525361,0.013477720556694136,-0.13477720556694134,2,-0.05865222794433059,23.895398415406746,2,none,0
259,55.16136228479921,51.63904552740498,0.09067842005201565,0.006738860278347068,-0.06738860278347067,0,-0.0593261139721653,21.893869529773337,2,none,0
260,55.16427500221264,51.65951119975725,0.09141003690982853,0.2067388602783471,2.0,3,-0.039326113972165296,20.259273621847814,2,none,0
261,55.16573136091936,51.669744035933384,0.09177583733893169,0.10336943013917355,-1.0336943013917355,0,-0.04966305698608265,18.88510532188003,2,none,0
262,55.16645954027271,51.67486045402145,0.09195873551075252,0.05168471506958677,-0.5168471506958677,0,-0.004831528493041325,19.58406673632868,2,none,0
263,55.16682362994939,51.67741866306548,0.09205018408063449,0.025842357534793386,-0.25842357534793386,0,-0.007415764246520663,22.3524194242041,2,none,0
264,55.16700567478773,51.6786977675875,0.09209590823589985,0.012921178767396693,-0.12921178767396693,4,-0.5587078821232604,23.896832680199367,2,none,0
265,55.1670966972069,51.67933731984851,0.09211877028103023,0.006460589383698347,-0.06460589383698347,2,-0.05935394106163017,21.10201247062227,2,none,0
266,55.167142208416486,51.67965709597901,0.09213020129545925,0.0032302946918491733,-0.03230294691849173,4,-0.5596769705308151,19.458677565814323,2,none,0
267,55.16716496402128,51.679816984044265,0.09213591680063928,0.0016151473459245867,-0.016151473459245867,2,-0.05983848526540755,22.09258194515733,2,none,0
268,55.16717634182368,51.679896928076886,0.0921387745527198,0.0008075736729622933,-0.008075736729622933,0,-0.059919242632703776,19.412817002494638,2,none,0
269,55.167182030724874,51.6799369000932,0.09214020342863229,0.00040378683648114666,-0.004037868364811467,2,-0.059959621316351894,18.81190796868369,2,none,0
270,55.16718487517547,51.67995688610136,0.09214091786655708,0.00020189341824057333,-0.0020189341824057333,2,-0.009979810658175945,20.523497177958344,2,none,0
271,55.17000549409722,51.69977544536731,0.0928493594528188,0.20020189341824057,2.0,3,-0.03997981065817595,18.309344211147913,2,none,0
272,55.17141580355809,51.70968472500028,0.0932035722014799,0.10010094670912029,-1.0010094670912029,0,-0.04998990532908797,19.508765587870396,2,none,0
273,55.17212095828853,51.71463936481677,0.09338067652586048,0.05005047335456014,-0.5005047335456014,4,-0.554994952664544,19.10644182111072,2,none,0
274,55.172473535653744,51.71711668472501,0.09346922817070769,0.02502523667728007,-0.2502523667728007,0,-0.05749747633227199,21.269242184004305,2,none,0
275,55.172649824336354,51.71835534467913,0.09351350386319024,0.012512618338640036,-0.12512618338640036,0,-0.008748738166135998,18.51875805236821,2,none,0
276,55.17564388749011,51.739392577891046,0.09426546283291137,0.21251261833864005,2.0,3,-0.038748738166136,19.85452781848814,2,none,0
277,55.17828572883497,51.757954989445736,0.09492893980995576,0.18751261833864005,-0.24999999999999994,2,-0.041248738166136,19.00693941679814,2,none,0
278,55.179606649507406,51.76723619522308,0.09526067055338494,0.09375630916932003,-0.9375630916932002,0,-0.050624369083068,19.112802754195894,2,none,0
279,55.18097533507647,51.771625558460784,0.09560918983981037,0.04687815458466001,-0.4687815458466001,0,-0.005312184541534,18.432890908104188,2,none,0
280,55.18218115011458,51.77363525019097,0.09591797081122966,0.023439077292330007,-0.23439077292330004,0,-0.007656092270767001,19.780899847419203,2,none,0
281,55.18278405763364,51.77464009605607,0.09607237390563526,0.011719538646165003,-0.11719538646165002,0,-0.008828046135383502,18.234369436872683,2,none,0
282,55.183085511393166,51.775142518988616,0.0961495786020905,0.005859769323082502,-0.05859769323082501,0,-0.009414023067691752,19.781718105469455,2,none,0
283,55.18323623827293,51.77539373045489,0.09618818173726716,0.002929884661541251,-0.029298846615412506,2,-0.05970701153384588,21.09723049118007,2,none,0
284,55.18331160171281,51.775519336188026,0.09620748350154495,0.0014649423307706254,-0.014649423307706253,0,-0.05985350576692294,18.98798267149337,2,none,0
285,55.183349283432754,51.77558213905459,0.09621713443285285,0.0007324711653853127,-0.007324711653853126,0,-0.009926752883461471,18.540145553187735,2,none,0
286,55.18336812429272,51.775613540487875,0.09622195991079609,0.00036623558269265635,-0.003662355826926563,0,-0.009963376441730737,18.9664457933644,2,none,0
287,55.18337754472271,51.77562924120452,0.09622437265284202,0.00018311779134632818,-0.0018311779134632816,4,-0.5599816882208654,19.583473129031802,2,none,0
288,55.183382254937705,51.77563709156284,0.09622557902463313,9.155889567316409e-05,-0.0009155889567316408,2,-0.05999084411043269,19.97756776806355,2,none,0
289,55.183384610045195,51.775641016742,0.0962261822107191,4.5779447836582044e-05,-0.0004577944783658204,0,-0.059995422055216345,20.847045436858178,2,none,0
290,55.183385787598944,51.77564297933158,0.09622648380381095,2.2889723918291022e-05,-0.0002288972391829102,0,-0.009997711027608172,19.807625420131632,2,none,0
291,55.18338637637582,51.77564396062637,0.09622663460036995,1.1444861959145511e-05,-0.0001144486195914551,2,-0.059998855513804086,18.675039117919077,2,none,0
292,55.19367589438888,51.79279315731481,0.09886318532983718,0.20001144486195915,2.0,3,-0.03999885551380409,16.570835977380057,2,none,0
293,55.198820653395416,51.80136775565903,0.10018236670633818,0.10000572243097958,-1.0000572243097956,0,-0.04999942775690205,17.54982016136429,2,none,0
294,55.201393032898686,51.80565505483114,0.10084218207020879,0.05000286121548979,-0.5000286121548978,0,-0.004999713878451023,17.42913085560366,2,none,0
295,55.20267922265032,51.807798704417195,0.1011721456920085,0.025001430607744894,-0.2500143060774489,0,-0.0074998569392255125,19.15600591813223,2,none,0
296,55.20332231752613,51.808870529210225,0.10133714145920525,0.012500715303872447,-0.12500715303872445,0,-0.008749928469612757,18.304332589560357,2,none,0
297,55.20364386496404,51.80940644160674,0.10141964282829363,0.0062503576519362235,-0.06250357651936223,0,-0.009374964234806379,20.15556251691315,2,none,0
298,55.203804638682996,51.809674397805,0.10146089438376073,0.0031251788259681118,-0.03125178825968111,2,-0.05968748211740319,16.192211694425477,2,none,0
299,55.21425434163814,51.8270905693969,0.10414333346354666,0.20312517882596812,2.0,3,-0.039687482117403194,15.957176787774932,2,none,0
300,55.21947919311571,51.83579865519285,0.10548546151617422,0.10156258941298406,-1.0156258941298406,0,-0.049843741058701596,17.916122334096574,2,none,0
301,55.22341792843876,51.842363214064605,0.10649761660707435,0.07656258941298405,-0.25000000000000006,2,-0.0523437410587016,16.289509791891675,2,none,0
302,55.22538729610029,51.84564549350048,0.10700382137371833,0.038281294706492025,-0.38281294706492025,0,-0.0561718705293508,18.437549177458465,2,none,0
303,55.226371979931045,51.84728663321842,0.10725695545816262,0.019140647353246013,-0.19140647353246013,2,-0.058085935264675405,16.35787466017632,2,none,0
304,55.237645592998,51.86607598833,0.11015657519255573,0.219140647353246,2.0,3,-0.0380859352646754,16.60891904978144,2,none,0
305,55.24328239953147,51.87547066588579,0.11160740792478287,0.109570323676623,-1.09570323676623,0,-0.0490429676323377,18.198060110750564,2,none,0
306,55.24763308991043,51.88272181651738,0.11272767434157993,0.08457032367662301,-0.24999999999999994,2,-0.051542967632337705,18.173076273224446,2,none,0
307,55.250697664134854,51.88782944022476,0.11351701635946744,0.05957032367662301,-0.25,2,-0.004042967632337701,18.169888376893894,2,none,0
308,55.25504835451381,51.89508059085635,0.114637961548842,0.08457032367662301,0.25,1,-0.051542967632337705,16.457848770497176,2,none,0
309,55.26968797412895,51.91947995688159,0.11841270888508927,0.28457032367662305,2.0000000000000004,3,-0.0315429676323377,15.24082037121019,2,none,0
310,55.277007783936526,51.931679639894206,0.12030172735867196,0.14228516183831152,-1.4228516183831152,4,-0.5457714838161689,17.113524666967805,2,none,0
311,55.28066768884031,51.93777948140052,0.12124664231596838,0.07114258091915576,-0.7114258091915576,0,-0.05288574190808443,17.41614547344777,2,none,0
312,55.28304147758957,51.94173579598262,0.12185965114121199,0.04614258091915576,-0.25,2,-0.05538574190808443,14.630839554861018,2,none,0
313,55.29570419557502,51.962840325958375,0.12513156979060436,0.24614258091915578,2.0,3,-0.035385741908084425,15.324940971861901,2,none,0
314,55.30708079740595,51.98180132900992,0.12807384444674264,0.22114258091915578,-0.24999999999999994,2,-0.03788574190808443,13.173118000198867,2,none,0
315,55.31276909832142,51.9912818305357,0.12954591581278807,0.11057129045957789,-1.1057129045957788,0,-0.04894287095404221,14.787469131852092,2,none,0
316,55.31717128308235,51.99861880513726,0.13068557634442635,0.0855712904595779,-0.24999999999999994,2,-0.051442870954042215,15.946655468930675,2,none,0
317,55.32028735168877,52.003812252814626,0.13149250144068425,0.060571290459577896,-0.25,2,-0.003942870954042212,14.75271831935123,2,none,0
318,55.32211730414066,52.006862173567775,0.13196646379017007,0.035571290459577895,-0.25,2,-0.006442870954042212,16.632355570250194,2,none,0
319,55.32303228036661,52.00838713394435,0.13220346845103337,0.017785645229788948,-0.17785645229788946,4,-0.5582214354770212,16.6886203744735,2,none,0
320,55.32348976847958,52.009149614132646,0.13232197664202383,0.008892822614894474,-0.08892822614894473,0,-0.05911071773851056,16.23462201446071,2,none,0
321,55.33423618582875,52.027060309714585,0.1351068554703183,0.20889282261489447,2.0,3,-0.039110717738510554,12.984466725490352,2,none,0
322,55.34369648702339,52.04282747837232,0.1375601938747728,0.18389282261489448,-0.24999999999999994,2,-0.04161071773851056,14.081029152975038,2,none,0
323,55.351870672063505,52.05645112010584,0.13968130108504836,0.15889282261489449,-0.24999999999999994,2,0.005889282261489447,14.878715026167503,2,none,0
324,55.3587587409491,52.067931234915164,0.14146959546676374,0.1338928226148945,-0.24999999999999994,2,0.0033892822614894486,15.114183227896666,2,none,0
325,55.36220277539189,52.07367129231982,0.14236405440312883,0.06694641130744725,-0.6694641130744724,0,-0.053305358869255276,14.231309958436789,2,none,0
326,55.36392479261329,52.076541321022155,0.14281136121319005,0.03347320565372362,-0.3347320565372362,4,-0.5566526794346277,16.096677194736774,2,none,0
327,55.36693292598921,52.08155487664869,0.14359286934186977,0.058473205653723624,0.25,1,-0.05415267943462764,15.396573124605288,2,none,0
328,55.368436992677175,52.084061654461955,0.1439836818659879,0.029236602826861812,-0.29236602826861813,0,-0.05707633971731382,13.527938430228337,2,none,0
329,55.369189026021154,52.085315043368595,0.14417910269331036,0.014618301413430906,-0.14618301413430906,4,-0.558538169858657,15.381166426368829,2,none,0
330,55.36956504269315,52.08594173782191,0.1442768167420756,0.007309150706715453,-0.07309150706715453,0,-0.05926908492932846,15.885189352976349,2,none,0
331,55.369753051029136,52.08625508504857,0.1443256746744548,0.0036545753533577265,-0.036545753533577266,4,-0.5596345424646643,13.618432933164206,2,none,0
332,55.38022998860132,52.103716647668875,0.14704927781016952,0.20365457535335774,2.0,3,-0.03963454246466423,12.296733920004552,2,none,0
333,55.38546845738742,52.11244742897903,0.14841177192235477,0.10182728767667887,-1.0182728767667886,0,-0.049817271232332115,15.011520375059986,2,none,0
334,55.38808769178046,52.116812819634106,0.14909319000392093,0.050913643838339434,-0.5091364383833943,0,-0.004908635616166058,13.436061246049661,2,none,0
335,55.38939730897699,52.11899551496165,0.14943394153673273,0.025456821919169717,-0.25456821919169714,0,-0.0074543178080830295,14.522785880727598,2,none,0
336,55.390052117575244,52.12008686262541,0.14960432789306943,0.012728410959584859,-0.12728410959584857,2,-0.05872715890404152,12.84429347021629,2,none,0
337,55.39037952187438,52.1206325364573,0.14968952371458588,0.006364205479792429,-0.06364205479792429,0,-0.05936357945202076,14.838529488203186,2,none,0
338,55.4009958554097,52.138326425682834,0.15245301048624627,0.20636420547979245,2.0,3,-0.03936357945202076,11.646661280275676,2,none,0
339,55.42190111818121,52.17316853030202,0.15790001435161963,0.40636420547979246,2.0,3,0.03063642054797925,9.903981469746384,2,none,0
340,55.432353749566964,52.190589582611615,0.16062605245773254,0.20318210273989623,-2.031821027398962,0,-0.03968178972601038,10.905291206787657,2,none,0
341,55.437580065259844,52.19930010876641,0.16198968851475937,0.10159105136994812,-1.015910513699481,0,0.000159105136994811,12.379365974183642,2,none,0
342,55.440193223106284,52.20365537184381,0.16267165865684577,0.05079552568497406,-0.5079552568497405,0,-0.0049204474315025955,14.48485345786351,2,none,0
343,55.44409249710725,52.210154161845416,0.16368946044221902,0.07579552568497405,0.24999999999999994,1,-0.0524204474315026,12.764854305371333,2,none,0
344,55.44604213410773,52.21340355684622,0.16419844469061484,0.037897762842487026,-0.37897762842487026,0,-0.0562102237157513,11.72646448640781,2,none,0
345,55.44701695260797,52.21502825434662,0.1644529575423419,0.018948881421243513,-0.18948881421243513,0,-0.00810511185787565,14.000567626802775,2,none,0
346,55.4582807003444,52.23380116724067,0.16739477150045182,0.21894888142124352,2.0,3,-0.03810511185787565,10.853483763429963,2,none,0
347,55.47983337731702,52.269722295528375,0.1730287482190065,0.41894888142124354,2.0,3,0.03189488814212436,9.243157792673609,2,none,0
348,55.502672170444164,52.30778695074028,0.17900568785163884,0.44394888142124356,0.2500000000000002,1,-0.015605111857875643,9.004936987606754,2,none,0
349,55.52422484741679,52.343708079027984,0.18465206731256492,0.41894888142124354,-0.2500000000000002,2,-0.018105111857875646,9.176099738285382,2,none,0
350,55.5350011859031,52.36166864317183,0.18747733602889594,0.20947444071062177,-2.0947444071062176,0,-0.039052555928937825,9.861234628422821,2,none,0
351,55.54038935514625,52.37064892524376,0.18889047084511892,0.10473722035531088,-1.0473722035531088,0,0.0004737220355310878,10.79067389185035,2,none,0
352,55.54706364054393,52.381772734239895,0.19064136226258468,0.12973722035531088,0.24999999999999994,1,-0.04702627796446891,11.134847815416132,2,none,0
353,55.5640268551778,52.410044758629674,0.19509357007239547,0.3297372203553109,2.0,3,-0.027026277964468916,8.573649180012657,2,none,0
354,55.57970395365715,52.43617325609525,0.19921088523007624,0.3047372203553109,-0.24999999999999967,2,-0.02952627796446891,8.874814304137484,2,none,0
355,55.587542502896824,52.44923750482804,0.20127045836410673,0.15236861017765546,-1.5236861017765546,4,-0.5447631389822345,10.504739226320503,2,none,0
356,55.59409493598197,52.46015822663662,0.20299255689487827,0.12736861017765547,-0.24999999999999994,2,-0.04726313898223446,9.977969416609318,2,none,0
357,55.597371152524545,52.46561858754091,0.2038537569426908,0.06368430508882773,-0.6368430508882773,0,-0.053631569491117234,12.417482576639623,2,none,0
358,55.59900926079583,52.46834876799306,0.20428439411100707,0.03184215254441387,-0.31842152544413865,0,-0.006815784745558615,11.409210347936341,2,none,0
359,55.60193348522164,52.47322247536941,0.20505319527228696,0.05684215254441387,0.25,1,-0.05431578474555862,11.07500016461361,2,none,0
360,55.60357159349293,52.47595265582155,0.20548390043123607,0.03184215254441387,-0.25,2,-0.056815784745558616,10.527201824373353,2,none,0
361,55.60649581791874,52.480826363197906,0.20625282187213087,0.05684215254441387,0.25,1,-0.05431578474555862,10.562860092478298,2,none,0
362,55.61970897158074,52.50284828596791,0.20972813910013707,0.2568421525444139,2.0,3,-0.03431578474555862,9.413467796705305,2,none,0
363,55.63163600908822,52.5227266818137,0.21286644524656875,0.2318421525444139,-0.24999999999999994,2,-0.03681578474555861,9.133032731398009,2,none,0
364,55.63759952784196,52.532665879736605,0.21443602762638259,0.11592107627220695,-1.1592107627220694,0,-0.04840789237277931,11.132310635960748,2,none,0
365,55.64227693044118,52.540461550735294,0.21566730114840407,0.09092107627220694,-0.25000000000000006,2,-0.05090789237277931,9.255989608282006,2,none,0
366,55.645668216885866,52.54611369480978,0.21656012316370732,0.06592107627220695,-0.24999999999999994,2,-0.0034078923727793066,10.162396399006107,2,none,0
367,55.64777338717603,52.54962231196006,0.2171143934259665,0.040921076272206945,-0.25,2,-0.005907892372779307,10.546429642223185,2,none,0
368,55.64882597232112,52.5513766205352,0.21739154086419066,0.020460538136103473,-0.2046053813610347,0,-0.05795394618638966,9.587891258698857,2,none,0
369,55.64935226489366,52.552253774822766,0.2175301176416076,0.010230269068051736,-0.10230269068051735,4,-0.5589769730931948,10.11489190495811,2,none,0
370,55.64961541117993,52.552692351966556,0.2175994067925839,0.005115134534025868,-0.051151345340258676,0,-0.05948848654659742,9.287677243535384,2,none,0
371,55.649746984323066,52.55291164053845,0.21763405155835056,0.002557567267012934,-0.025575672670129338,4,-0.5597442432732987,9.811374614859082,2,none,0
372,55.649812770894634,52.55302128482439,0.21765137398876777,0.001278783633506467,-0.012787836335064669,0,-0.05987212163664936,10.11852909428904,2,none,0
373,55.64984566418042,52.55307610696737,0.21766003521585445,0.0006393918167532335,-0.0063939181675323345,0,-0.009936060818324679,10.94656210048405,2,none,0
374,55.64986211082331,52.55310351803885,0.2176643658323665,0.00031969590837661676,-0.0031969590837661673,2,-0.05996803040916234,9.661385275222818,2,none,0
375,55.66016748670239,52.57027914450399,0.22037828884838828,0.20031969590837662,2.0,3,-0.039968030409162345,7.808577698244684,2,none,0
376,55.665320174641934,52.57886695773656,0.22173552936878238,0.10015984795418831,-1.001598479541883,0,-0.04998401520458117,9.84436251625264,2,none,0
377,55.667896518611705,52.58316086435284,0.222414217211085,0.050079923977094154,-0.5007992397709415,0,-0.004992007602290586,8.425522702314026,2,none,0
378,55.66918469059659,52.58530781766098,0.22275357775618157,0.025039961988547077,-0.25039961988547077,0,-0.0074960038011452935,10.290882859851015,2,none,0
379,55.66982877658903,52.58638129431505,0.22292326215075667,0.012519980994273538,-0.12519980994273538,4,-0.5587480019005727,8.901386808892974,2,none,0
380,55.67015081958525,52.58691803264209,0.2230081053743056,0.006259990497136769,-0.06259990497136769,0,-0.05937400095028633,8.61773325641199,2,none,0
381,55.680761791817666,52.60460298636278,0.22580397335046398,0.20625999049713678,2.0,3,-0.03937400095028633,7.556955078407385,2,none,0
382,55.68606727793387,52.61344546322312,0.22720217164336656,0.10312999524856839,-1.0312999524856838,0,-0.04968700047514316,8.519937104782285,2,none,0
383,55.6926588802046,52.62443146700767,0.22893954542625172,0.12812999524856838,0.24999999999999994,1,-0.04718700047514317,8.800445024123793,2,none,0
384,55.69595468133996,52.629924468899944,0.22980832685837485,0.06406499762428419,-0.6406499762428419,0,-0.05359350023757158,8.010613967317731,2,none,0
385,55.697602581907645,52.63267096984608,0.23024274063882502,0.032032498812142096,-0.32032498812142096,0,-0.006796750118785793,8.793619190995503,2,none,0
386,55.69842653219149,52.63404422031915,0.23045995322377166,0.016016249406071048,-0.16016249406071048,0,-0.008398375059392896,8.309735295962927,2,none,0
387,55.698838507333406,52.63473084555569,0.2305685609309993,0.008008124703035524,-0.08008124703035524,0,-0.00919918752969645,7.924949367567119,2,none,0
388,55.70953941171152,52.652565686185866,0.23338992838861938,0.20800812470303554,2.0,3,-0.03919918752969645,6.7233865777653925,2,none,0
389,55.714889863900574,52.66148310650096,0.2348008359109555,0.10400406235151777,-1.0400406235151776,4,-0.5495995937648482,8.290172905719595,2,none,0
390,55.717565089995105,52.66594181665851,0.23550634317324404,0.052002031175758884,-0.5200203117575888,0,-0.05479979688242412,7.341162453702543,2,none,0
391,55.721526432244154,52.67254405374026,0.23655108696133387,0.07700203117575888,0.24999999999999994,1,-0.052299796882424116,8.158421693197193,2,none,0
392,55.72350710336868,52.675845172281136,0.23707348670512204,0.03850101558787944,-0.3850101558787944,4,-0.5561498984412121,7.523305461155163,2,none,0
393,55.724497438930946,52.67749573155157,0.2373346934151401,0.01925050779393972,-0.1925050779393972,0,-0.058074949220606034,7.735869038466216,2,none,0
394,55.72499260671208,52.678321011186796,0.2374652984641381,0.00962525389696986,-0.0962525389696986,0,-0.009037474610303017,7.308442978264946,2,none,0
395,55.72524019060264,52.6787336510044,0.23753060141019097,0.00481262694848493,-0.0481262694848493,2,-0.05951873730515151,6.870640714051485,2,none,0
396,55.725363982547925,52.678939970913206,0.23756325298836378,0.002406313474242465,-0.02406313474242465,2,-0.009759368652575755,6.890954132453403,2,none,0
397,55.7357767037294,52.696294506215665,0.2403099740964361,0.20240631347424248,2.0,3,-0.039759368652575754,6.4707937988248405,2,none,0
398,55.74098306432013,52.70497177386689,0.2416835074760415,0.10120315673712124,-1.0120315673712124,0,-0.04987968432628788,7.391709206100935,2,none,0
399,55.74747554106539,52.715792568442325,0.2433964930509309,0.12620315673712124,0.24999999999999994,1,-0.04737968432628788,6.768817141232583,2,none,0
400,55.750721779438024,52.72120296573004,0.24425304587493546,0.06310157836856062,-0.6310157836856062,4,-0.553689842163144,6.671405283252622,2,none,0
401,55.75234489862434,52.7239081643739,0.24468133674741457,0.03155078918428031,-0.3155078918428031,0,-0.05684492108157197,6.520083974958553,2,none,0
402,55.7531564582175,52.72526076369583,0.2448954857301742,0.015775394592140154,-0.15775394592140154,0,-0.008422460540785987,7.238136722133109,2,none,0
403,55.75356223801408,52.725937063356795,0.24500256109960783,0.007887697296070077,-0.07887697296070077,2,-0.059211230270392996,7.146320151516,2,none,0
404,55.75376512791237,52.72627521318728,0.24505609900276595,0.003943848648035039,-0.039438486480350386,0,-0.0596056151351965,7.063081479181829,2,none,0
405,55.75386657286151,52.72644428810252,0.24508286800882131,0.0019719243240175193,-0.019719243240175193,0,-0.00980280756759825,6.0932002047180704,2,none,0
406,55.75391729533608,52.72652882556014,0.2450962525254503,0.0009859621620087597,-0.009859621620087597,0,-0.009901403783799126,6.551030431451426,2,none,0
407,55.75525413396518,52.72875688994196,0.24544901732984517,0.025985962162008762,0.25,1,-0.057401403783799126,6.187639874290521,2,none,0
408,55.755922553279724,52.729870922132875,0.24562540206515893,0.012992981081004381,-0.1299298108100438,2,-0.05870070189189956,5.625991401974105,2,none,0
409,55.756256762937,52.73042793822834,0.2457135950113032,0.0064964905405021905,-0.0649649054050219,0,-0.05935035094594979,5.572718683890024,2,none,0
410,55.75642386776563,52.730706446276066,0.24575769162839747,0.0032482452702510952,-0.03248245270251095,0,-0.009675175472974893,6.3871344183737815,2,none,0
411,55.766879901830464,52.74813316971744,0.24851707567186956,0.2032482452702511,2.0,3,-0.039675175472974895,5.15316790919245,2,none,0
412,55.787624865131484,52.78270810855247,0.2539926893935198,0.4032482452702511,2.0,3,0.03032482452702511,3.9051239754798823,2,none,0
413,55.79799734678199,52.79999557796999,0.2567308854216517,0.20162412263512555,-2.0162412263512555,0,-0.03983758773648745,4.373615642068445,2,none,0
414,55.80708371227798,52.8151395204633,0.25912973366629455,0.17662412263512556,-0.24999999999999994,2,-0.04233758773648745,4.735844135321632,2,none,0
415,55.81162689502597,52.82271149170995,0.2603292080844739,0.08831206131756278,-0.8831206131756277,4,-0.5511687938682438,4.638146770742119,2,none,0
416,55.82645900701015,52.847431678350254,0.264245311062391,0.2883120613175628,2.0000000000000004,3,-0.03116879386824372,4.084144680079373,2,none,0
417,55.833875063002246,52.85979177167041,0.2662034406540925,0.1441560306587814,-1.441560306587814,4,-0.5455843969341219,4.59882309148239,2,none,0
418,55.83758309099829,52.865971818330486,0.26718251840701895,0.0720780153293907,-0.720780153293907,0,-0.05279219846706093,4.839932539104721,2,none,0
419,55.84000500283981,52.870008338066356,0.2678220099974371,0.0470780153293907,-0.25,2,-0.05529219846706093,4.9542067571600485,2,none,0
420,55.85271584391752,52.89119307319587,0.27100867479641955,0.24707801532939072,2.0,3,-0.03529219846706093,3.6393759396537178,2,none,0
421,55.85907126445638,52.901785440760634,0.27225175681255065,0.12353900766469536,-1.2353900766469534,0,-0.04764609923353047,4.1096115179752575,2,none,0
422,55.86224897472581,52.90708162454301,0.27287337775081966,0.06176950383234768,-0.6176950383234767,4,-0.5538230496167653,4.974763452343414,2,none,0
423,55.875715614231424,52.92952602371904,0.27550828886104894,0.2617695038323477,2.0,3,-0.03382304961676523,3.564357607104081,2,none,0
424,55.890468369891565,52.95411394981928,0.2783958868491283,0.28676950383234767,0.24999999999999967,1,-0.031323049616765235,3.0909383323911857,2,none,0
425,55.89784474772164,52.9664079128694,0.27984008032545993,0.14338475191617384,-1.4338475191617384,0,-0.04566152480838262,3.560776835638324,2,none,0
426,55.90393500939719,52.97655834899531,0.28103266240517893,0.11838475191617384,-0.24999999999999994,2,-0.04816152480838262,3.9416210954216866,2,none,0
427,55.90698014023496,52.98163356705827,0.28162901759599257,0.05919237595808692,-0.5919237595808692,0,-0.05408076240419131,4.284238140134679,2,none,0
428,55.908502705653845,52.984171176089745,0.2819272110455731,0.02959618797904346,-0.2959618797904346,4,-0.5570403812020956,4.325811968913909,2,none,0
429,55.91131138722726,52.98885231204543,0.2824773170196542,0.05459618797904346,0.25,1,-0.05454038120209566,3.9559548496103845,2,none,0
430,55.92440899803686,53.01068166339476,0.28504306600746476,0.2545961879790435,2.0,3,-0.034540381202095655,3.0334510622075888,2,none,0
431,55.93095780344166,53.02159633906943,0.28632621872312897,0.12729809398952174,-1.2729809398952174,0,-0.047270190601047826,3.4700593778693984,2,none,0
432,55.93423220614406,53.02705367690677,0.28696786280533826,0.06364904699476087,-0.6364904699476087,0,-0.0036350953005239144,3.1064419883562553,2,none,0
433,55.93586940749526,53.02978234582543,0.28728870154847086,0.031824523497380436,-0.31824523497380436,0,-0.006817547650261958,3.5619489791940553,2,none,0
434,55.93668800817086,53.03114668028477,0.28744912506689757,0.015912261748690218,-0.15912261748690218,0,-0.00840877382513098,3.2810312214007884,2,none,0
435,55.93709730850866,53.03182884751443,0.2875293378592467,0.007956130874345109,-0.07956130874345109,0,-0.00920438691256549,3.391055651430354,2,none,0
436,55.93730195867756,53.03216993112927,0.2875694445132557,0.0039780654371725545,-0.039780654371725545,0,-0.009602193456282746,3.262736921023163,2,none,0
437,55.93740428376201,53.03234047293668,0.28758949790466354,0.0019890327185862772,-0.019890327185862772,0,-0.009801096728141374,3.246613873511434,2,none,0
438,55.94779553808265,53.04965923013775,0.28962616829645405,0.2019890327185863,2.0,3,-0.039801096728141375,2.348309159446343,2,none,0
439,55.95299116524297,53.05831860873828,0.29064466421530133,0.10099451635929314,-1.0099451635929313,4,-0.5499005483640707,2.4997654282033177,2,none,0
440,55.95558897882313,53.06264829803855,0.2911539514383843,0.05049725817964657,-0.5049725817964656,0,-0.054950274182035345,2.549902310083355,2,none,0
441,55.95688788561321,53.064813142688685,0.2914086047511384,0.025248629089823286,-0.2524862908982328,0,-0.007475137091017673,2.5512239750899726,2,none,0
442,55.95753733900825,53.065895565013754,0.2915359338184771,0.012624314544911643,-0.1262431454491164,0,-0.008737568545508837,2.572541051592891,2,none,0
443,55.95786206570577,53.06643677617628,0.2915995989530927,0.0063121572724558215,-0.0631215727245582,2,-0.059368784272754424,1.3881557696818823,2,none,0
444,55.95802442905453,53.06670738175755,0.2916314316704147,0.0031560786362279107,-0.0315607863622791,0,-0.05968439213637722,1.3273045605923606,2,none,0
445,55.95810561072891,53.066842684548185,0.29164734806654874,0.0015780393181139554,-0.01578039318113955,0,-0.009842196068188607,1.322018268198679,2,none,0
446,55.9581462015661,53.066910335943504,0.29165530627398306,0.0007890196590569777,-0.007890196590569776,4,-0.5599210980340944,1.1789370721286092,2,none,0
447,55.958166496984695,53.06694416164116,0.2916592853800404,0.00039450982952848884,-0.003945098295284888,0,-0.05996054901704716,1.3105134401488014,2,none,0
448,55.96847572163948,53.08412620273247,0.2936807039749872,0.2003945098295285,2.0,3,-0.03996054901704715,0.6596678329880895,2,none,0
449,55.977498830139744,53.09916471689957,0.2954502601923177,0.1753945098295285,-0.24999999999999994,2,-0.042460549017047156,0.6730043449739509,2,none,0
450,55.98780805479453,53.11634675799088,0.29747238956212474,0.2003945098295285,0.24999999999999994,1,-0.03996054901704715,0.591357276493864,2,none,0
451,55.996831163294786,53.131385272157985,0.29924254259766325,0.1753945098295285,-0.24999999999999994,2,-0.042460549017047156,0.6184978344254093,2,none,0
452,56.00134271754492,53.138904529241536,0.30012771776560254,0.08769725491476425,-0.8769725491476424,0,-0.05123027450852358,0.7446744370736934,2,none,0
453,56.01614320103124,53.163572001718734,0.3030320410891618,0.2876972549147643,2.0,3,-0.031230274508523576,0.35694524671568245,2,none,0
454,56.029657568363035,53.18609594727173,0.30568454726235994,0.26269725491476426,-0.2500000000000002,2,-0.033730274508523575,0.35533341939227686,2,none,0
455,56.03641475202894,53.19735792004823,0.3070109885909187,0.13134862745738213,-1.3134862745738212,4,-0.5468651372542618,0.44114027147916673,2,none,0
456,56.03979334386189,53.20298890643648,0.3076742542813593,0.06567431372869106,-0.6567431372869106,0,-0.053432568627130896,0.5186613486924578,2,none,0
457,56.04445805184936,53.210763419748936,0.3085900508247621,0.09067431372869106,0.24999999999999994,1,-0.0509325686271309,0.41840738579148384,2,none,0
458,56.04783664368231,53.216394406137184,0.30925338517460826,0.06567431372869106,-0.24999999999999994,2,-0.053432568627130896,0.37542754816421187,2,none,0
459,56.04952593959878,53.219209899331304,0.3095850628322183,0.03283715686434553,-0.3283715686434553,0,-0.05671628431356545,0.37299630149141755,2,none,0
460,56.05037058755702,53.22061764592837,0.30975090424986673,0.016418578432172766,-0.16418578432172765,2,-0.05835814215678273,0.3174855196775334,2,none,0
461,56.05079291153614,53.221321519226905,0.30983382560192313,0.008209289216086383,-0.08209289216086382,0,-0.05917907107839136,0.24114798812253807,2,none,0
462,56.0510040735257,53.221673455876164,0.30987528643825835,0.0041046446080431915,-0.04104644608043191,4,-0.5595895355391958,0.18339254626376958,2,none,0
463,56.06150416475145,53.239173607919085,0.3119370701944672,0.2041046446080432,2.0,3,-0.03958953553919568,0.04560348206006345,2,none,0
464,56.070718139822674,53.25453023303779,0.31374651740383164,0.1791046446080432,-0.24999999999999994,2,-0.042089535539195685,0.01493719433854083,2,none,0
465,56.081218231048425,53.27203038508071,0.31580874918966617,0.2041046446080432,0.24999999999999994,1,-20.039589535539196,0.0,2,none,1
