iteration,total_steps,wall_time_seconds,iter_time_seconds,env_step_time_seconds,learn_step_time_seconds,residual_compute_time_seconds,L_total,L_policy,L_value,L_entropy,L_residual_optimality,L_residual_safety,L_distill,mean_reward,mean_episode_length,n_episodes,n_collisions,n_successes,n_timeouts,n_aborts,action_dist_stop,action_dist_creep,action_dist_yield,action_dist_go,action_dist_abort,distill_loss_optimality_component,distill_loss_safety_component
1,4096,1231.3326542377472,1230.8064606189728,1161.8421664237976,49.61652112007141,49.541149854660034,176.2082718014717,0.24934616684913635,8.448821067810059,1.505863904953003,835.758056640625,0.164889395236969,0.32551535964012146,-812.802734375,500.0,8,0,0,8,0,0.131103515625,0.258056640625,0.197509765625,0.20556640625,0.207763671875,1.307504415512085,0.8775292634963989
2,8192,3621.7687933444977,1345.1947906017303,1299.3446657657623,26.92639946937561,26.878637075424194,9.915915896743536,0.04842117056250572,7.420691967010498,1.4210072755813599,1.373706579208374,0.0,2.1720614433288574,-242.39151000976562,500.0,8,0,0,8,0,0.122802734375,0.24072265625,0.232666015625,0.30126953125,0.1025390625,2.410010814666748,4.766103744506836
3,12288,5134.661296129227,1512.8591730594635,1478.1689193248749,17.34484553337097,17.28321075439453,262.12427360266446,0.058620259165763855,227.5200653076172,1.4590550661087036,123.84779357910156,0.0603090301156044,9.763967514038086,912.5054931640625,478.875,8,1,1,6,0,0.13134765625,0.244873046875,0.196533203125,0.345703125,0.08154296875,8.744654655456543,15.380151748657227
4,16384,6806.673144817352,1671.945642232895,1608.4635014533997,45.418086767196655,45.36536979675293,12.47397763133049,0.10466250777244568,9.164762496948242,1.383339524269104,1.5882967710494995,0.0,2.8868932723999023,1532.8983154296875,500.0,8,0,0,8,0,0.165771484375,0.19140625,0.15869140625,0.361572265625,0.12255859375,3.911829948425293,3.896299123764038
5,20480,8368.763749361038,1562.048452615738,1526.6049404144287,18.26213812828064,18.216745853424072,85.2438788741827,0.013005051761865616,69.8096923828125,1.4361176490783691,2.142970085144043,0.013067003339529037,14.989974021911621,3338.58642578125,462.5,8,2,1,5,0,0.14013671875,0.18896484375,0.1826171875,0.403076171875,0.085205078125,8.957732200622559,36.68233871459961
6,24576,9908.428069114685,1539.5865404605865,1507.591760635376,14.578264951705933,14.53352427482605,60.98977468833327,0.015613969415426254,48.33406448364258,1.4315340518951416,14.3131742477417,0.44034647941589355,9.68939208984375,2406.896484375,500.0,8,0,0,8,0,0.167724609375,0.2041015625,0.16748046875,0.380615234375,0.080078125,30.035099029541016,16.571895599365234
7,28672,11611.948833227158,1703.4623394012451,1600.721735239029,85.00034952163696,84.95162153244019,50.17482856214046,0.04323156177997589,40.00621795654297,1.4406763315200806,5.878177165985107,0.16677072644233704,8.916389465332031,3818.657958984375,500.0,8,0,0,8,0,0.18603515625,0.17041015625,0.171142578125,0.379638671875,0.0927734375,20.21820068359375,19.91221046447754
8,32768,13199.082888126373,1587.0847175121307,1535.2777996063232,34.116897106170654,34.03021740913391,74.93133796304464,0.1520700752735138,55.62042999267578,1.383723497390747,24.869380950927734,0.03290846198797226,14.178380012512207,5048.69140625,500.0,8,0,0,8,0,0.164794921875,0.179443359375,0.149169921875,0.406494140625,0.10009765625,68.6503677368164,27.803112030029297
9,36864,14875.284534454346,1676.0983490943909,1610.5183022022247,48.01238036155701,47.96125817298889,119.11807935424149,0.0161594171077013,70.91619873046875,1.4333795309066772,116.70584106445312,0.0,24.844552993774414,6501.7587890625,472.625,8,2,1,5,0,0.14208984375,0.201904296875,0.201904296875,0.357177734375,0.096923828125,52.885276794433594,29.614574432373047
10,40960,16209.811100959778,1334.4542818069458,1220.375263929367,97.87700700759888,97.80815362930298,197.44587875306607,0.08897720277309418,21.299753189086914,1.41134512424469,820.7716674804688,0.0,11.902814865112305,7378.64208984375,500.0,8,0,0,8,0,0.150634765625,0.197265625,0.15771484375,0.378662109375,0.11572265625,17.903369903564453,15.382770538330078
11,45056,18193.73025870323,1983.8059179782867,1880.0551574230194,85.36715245246887,85.29469561576843,48.71687343642115,0.05047653242945671,30.591175079345703,1.3756459951400757,37.21207046508789,0.0,10.632807731628418,6810.77099609375,500.0,8,0,0,8,0,0.184326171875,0.154541015625,0.1572265625,0.386474609375,0.117431640625,19.53268051147461,10.572999000549316
12,49152,20910.149451732635,1429.0639646053314,1393.1867921352386,18.32641100883484,18.278618812561035,81.51727842837572,0.02194494754076004,65.11009979248047,1.3835031986236572,29.595264434814453,0.0,10.466180801391602,7822.91455078125,486.375,8,1,0,7,0,0.18212890625,0.169677734375,0.193359375,0.35595703125,0.098876953125,35.087379455566406,10.812138557434082
13,53248,22347.591748714447,1437.3985023498535,1376.981523513794,43.35404419898987,43.30785822868347,261.209779278934,-0.04459083825349808,42.0611686706543,1.421608805656433,999.0846557617188,0.0,19.376270294189453,10478.916015625,482.125,8,1,0,7,0,0.186767578125,0.178466796875,0.150634765625,0.381591796875,0.1025390625,49.12308120727539,15.952644348144531
14,57344,23944.23842358589,1596.578164100647,1561.5781831741333,17.12306261062622,17.07588028907776,50.528232246637344,-0.16260942816734314,36.63857650756836,1.4120064973831177,2.4440526962280273,0.0,13.563454627990723,8607.439453125,500.0,8,0,0,8,0,0.154052734375,0.16455078125,0.185791015625,0.38037109375,0.115234375,37.14733123779297,13.786882400512695
15,61440,25346.349712133408,1402.0841097831726,1364.4220101833344,20.30160355567932,20.25683069229126,1280.9441316448153,0.15468524396419525,24.377737045288086,1.4358736276626587,6195.45703125,0.02245020493865013,17.315813064575195,8109.130859375,477.25,8,2,0,6,0,0.175048828125,0.187255859375,0.171142578125,0.3505859375,0.115966796875,31.295244216918945,22.416898727416992
16,65536,26950.837820529938,1604.4365136623383,1565.7026300430298,21.254354238510132,21.20780086517334,44.27088549137115,0.19297301769256592,26.11946678161621,1.4610008001327515,2.060943365097046,0.0,17.54625701904297,8292.1943359375,500.0,8,0,0,8,0,0.15087890625,0.180908203125,0.19482421875,0.354736328125,0.11865234375,52.76145935058594,12.581761360168457
17,69632,28580.50897049904,1629.642132282257,1562.7113244533539,48.63942241668701,48.57375526428223,46.57208467945456,0.005439247936010361,19.723190307617188,1.4247045516967773,21.39607810974121,0.0,22.564239501953125,10071.62109375,500.0,8,0,0,8,0,0.1748046875,0.20068359375,0.178466796875,0.35693359375,0.089111328125,47.26094055175781,15.099220275878906
18,73728,30102.349094867706,1521.7804515361786,1474.89657497406,29.830990314483643,29.78382635116577,157.09453791454436,0.0566120520234108,17.447023391723633,1.4328162670135498,645.6157836914062,0.009321924299001694,10.46588134765625,7206.4716796875,500.0,8,0,0,8,0,0.138916015625,0.205810546875,0.2275390625,0.34228515625,0.08544921875,29.987396240234375,6.709288120269775
19,77824,31541.75279712677,1439.3511090278625,1392.638825416565,29.32662057876587,29.280683279037476,50.2026536507532,-0.016101118177175522,26.932939529418945,1.4499911069869995,7.482057571411133,0.002621653489768505,21.78887939453125,6944.9873046875,463.125,8,2,0,6,0,0.169677734375,0.1845703125,0.21533203125,0.3291015625,0.101318359375,48.304222106933594,21.000125885009766
20,81920,33024.6465318203,1482.8434798717499,1428.1817524433136,37.13271427154541,37.05625081062317,148.96376781016588,0.06979388743638992,120.71133422851562,1.4671430587768555,9.674365997314453,0.0,26.247766494750977,7239.1357421875,465.75,8,2,0,6,0,0.179931640625,0.1904296875,0.2001953125,0.338134765625,0.09130859375,52.93619155883789,24.681272506713867
21,86016,34726.4705824852,1701.7985291481018,1637.2687146663666,46.28313446044922,46.221293687820435,76.85509661734105,0.10806219279766083,36.7220344543457,1.4528807401657104,106.05084228515625,0.10089287161827087,18.794652938842773,8212.5166015625,500.0,8,0,0,8,0,0.180419921875,0.18017578125,0.197265625,0.3544921875,0.087646484375,44.40772247314453,15.535659790039062
22,90112,37728.629096746445,1748.566577911377,1705.9122714996338,24.625004291534424,24.576884031295776,119.33808123469353,0.05406329035758972,90.06969451904297,1.43674898147583,41.01039123535156,0.0,21.012245178222656,8931.5546875,482.875,8,1,0,7,0,0.179443359375,0.173095703125,0.18701171875,0.35595703125,0.1044921875,38.811336517333984,21.970378875732422
23,94208,39493.15795183182,1764.493805885315,1717.9431684017181,28.463565349578857,28.38787841796875,50.40038161724806,-0.09429235011339188,37.07829284667969,1.415813684463501,1.814647912979126,0.0,13.053451538085938,8394.533203125,489.375,8,1,0,7,0,0.184326171875,0.15625,0.172607421875,0.37744140625,0.109375,28.923328399658203,15.91950798034668
24,98304,41268.56735301018,1775.361159324646,1713.3907804489136,44.116453409194946,44.03510880470276,46.717322673648596,0.03735240176320076,31.566226959228516,1.459747552871704,1.6350858211517334,0.09029463678598404,14.768667221069336,8626.603515625,500.0,8,0,0,8,0,0.169677734375,0.15966796875,0.229248046875,0.33251953125,0.10888671875,24.732837677001953,14.540763854980469
25,102400,42755.825568675995,1487.2310302257538,1456.4851877689362,12.898366928100586,12.856853723526001,2444.1134173974397,0.034439779818058014,80.73402404785156,1.4331914186477661,11652.9501953125,0.12991540133953094,32.72893142700195,7629.94921875,468.0,8,2,0,6,0,0.169921875,0.14599609375,0.216064453125,0.350830078125,0.1171875,62.82768249511719,30.23566436767578
26,106496,44108.184997320175,1352.2992334365845,1254.0698220729828,79.06716227531433,79.01524209976196,60.961618532240394,0.05427743121981621,42.06731033325195,1.405941128730774,3.1745800971984863,0.027067195624113083,18.1997013092041,9098.1787109375,450.77777777777777,9,3,0,6,0,0.1689453125,0.1630859375,0.1943359375,0.377197265625,0.096435546875,47.692100524902344,18.517202377319336
27,110592,45661.75304865837,1553.4605178833008,1504.4942185878754,32.200753927230835,32.15744972229004,38.739483159780505,0.16462144255638123,17.069812774658203,1.4415370225906372,2.4281415939331055,0.0,21.019420623779297,9328.560546875,500.0,8,0,0,8,0,0.182373046875,0.163818359375,0.1845703125,0.35888671875,0.1103515625,49.423789978027344,15.235944747924805
28,114688,47355.95298409462,1694.1532800197601,1585.526538848877,88.8298921585083,88.72880363464355,122.55348505824804,-0.006373263895511627,39.19086837768555,1.4183622598648071,280.0067138671875,0.0,27.367647171020508,9448.1435546875,495.625,8,1,0,7,0,0.16650390625,0.16259765625,0.207763671875,0.365234375,0.097900390625,59.6141471862793,21.20301055908203
29,118784,49047.49606633186,1691.4915881156921,1565.5937774181366,108.26487183570862,108.20104384422302,39.824105486273766,0.07501719892024994,21.160001754760742,1.4116578102111816,13.826398849487305,0.0,15.823806762695312,8727.14453125,500.0,8,0,0,8,0,0.178955078125,0.182861328125,0.1787109375,0.355712890625,0.103759765625,40.74095916748047,13.942347526550293
30,122880,50728.83469581604,1681.3072135448456,1611.0653870105743,53.09970140457153,53.0466833114624,190.51259289979936,0.003009337931871414,35.060935974121094,1.4165279865264893,592.7572631835938,0.005307640880346298,36.89613342285156,9883.8935546875,487.0,8,1,0,7,0,0.164794921875,0.179443359375,0.179931640625,0.39111328125,0.084716796875,107.64750671386719,26.974336624145508
31,126976,52255.5025677681,1526.6367254257202,1430.4555852413177,77.1612639427185,77.10072207450867,49.096615547314286,0.14820551872253418,29.427452087402344,1.3781774044036865,2.1740169525146484,0.006750078871846199,19.08480453491211,10095.3388671875,500.0,8,0,0,8,0,0.1669921875,0.18603515625,0.175048828125,0.380859375,0.091064453125,55.15701675415039,14.398516654968262
32,131072,55472.800973176956,1576.18026137352,1520.7156019210815,38.22053503990173,38.1782169342041,49.827865266427395,0.02653430588543415,35.33962631225586,1.427133321762085,2.1691577434539795,0.0005534328520298004,14.027762413024902,7484.17578125,500.0,8,0,0,8,0,0.17236328125,0.1796875,0.191162109375,0.359619140625,0.09716796875,27.247425079345703,14.55587387084961
33,135168,56848.9966738224,1376.1516711711884,1330.7862198352814,27.77863335609436,27.735735177993774,55.24437698572874,-0.08072448521852493,29.754173278808594,1.4176853895187378,34.64968490600586,0.0,18.6409912109375,7671.228515625,489.375,8,1,0,7,0,0.1689453125,0.1904296875,0.169189453125,0.368896484375,0.1025390625,40.354652404785156,15.130390167236328
34,139264,58315.209089279175,1466.1467139720917,1404.803082227707,43.833935499191284,43.7904155254364,90.040627515316,-0.1323416829109192,51.672401428222656,1.4566099643707275,3.167626142501831,0.0,37.867042541503906,7894.7333984375,500.0,8,0,0,8,0,0.1494140625,0.1884765625,0.186279296875,0.36669921875,0.109130859375,78.78231811523438,36.74512481689453
35,143360,59657.7447783947,1342.4725105762482,1274.6926455497742,50.494805335998535,50.42999482154846,41.768618639558554,0.0034655891358852386,19.82999038696289,1.4442087411880493,3.4944326877593994,0.2905820608139038,21.178159713745117,8983.8251953125,500.0,8,0,0,8,0,0.169189453125,0.189697265625,0.177734375,0.370849609375,0.092529296875,60.30469512939453,14.321039199829102
36,147456,61166.35590052605,1508.5786788463593,1440.3668632507324,51.146448612213135,51.06741809844971,42.98431395441294,-0.04196127504110336,23.43729019165039,1.4329041242599487,1.7461756467819214,0.0,19.239749908447266,11514.650390625,500.0,8,0,0,8,0,0.173095703125,0.163330078125,0.16455078125,0.418701171875,0.080322265625,46.713157653808594,12.57090950012207
37,151552,62782.76566576958,1616.38480758667,1580.2649748325348,18.086458683013916,18.042542219161987,335.5176306255162,-0.015387486666440964,15.033665657043457,1.3953086137771606,1532.3907470703125,0.0,14.02120304107666,11808.0576171875,500.0,8,0,0,8,0,0.15771484375,0.201416015625,0.158935546875,0.397216796875,0.084716796875,45.33784103393555,8.42138957977295
38,155648,64288.233691215515,1505.41574716568,1454.0565145015717,34.047481060028076,34.00318646430969,34.430036620795725,0.04022281616926193,16.40947723388672,1.3643909692764282,9.61939525604248,0.0,16.05645751953125,10577.587890625,500.0,8,0,0,8,0,0.15478515625,0.193115234375,0.1708984375,0.3974609375,0.083740234375,43.960182189941406,13.144356727600098
39,159744,66009.40597438812,1721.1358103752136,1599.941329240799,103.72089958190918,103.65656208992004,38.83483466058969,0.05495718866586685,14.107034683227539,1.415846824645996,1.7407264709472656,0.0,24.324697494506836,9456.849609375,491.375,8,1,0,7,0,0.162841796875,0.216552734375,0.157958984375,0.378662109375,0.083984375,61.355979919433594,16.484195709228516
40,163840,67811.47894382477,1802.018940448761,1734.7168703079224,49.04125261306763,48.98309254646301,492.98077701330186,0.08328479528427124,19.843976974487305,1.329223394393921,2217.165283203125,0.0,29.620458602905273,10087.60546875,485.75,8,1,0,7,0,0.16259765625,0.21533203125,0.163818359375,0.386962890625,0.0712890625,93.55844116210938,17.802488327026367
41,167936,69359.48382329941,1547.9521284103394,1503.5485615730286,25.175177574157715,25.133490562438965,52.35068700313568,0.14591920375823975,28.697046279907227,1.423351526260376,3.319349765777588,0.15850305557250977,22.812150955200195,7870.611328125,452.6666666666667,9,3,0,6,0,0.171875,0.197509765625,0.170166015625,0.36669921875,0.09375,70.28384399414062,38.116817474365234
42,172032,72833.0453441143,1686.5674712657928,1620.9067771434784,48.05619740486145,48.01243805885315,85.951509193331,0.05738366022706032,42.40143585205078,1.3976850509643555,4.932663440704346,0.11261022090911865,42.48363494873047,9556.2568359375,480.625,8,1,0,7,0,0.19091796875,0.210693359375,0.169189453125,0.3525390625,0.07666015625,129.5482635498047,31.16887092590332
43,176128,74313.54309248924,1480.436761379242,1437.3315739631653,25.840922594070435,25.7744300365448,91.54501281306148,0.0031158290803432465,42.837989807128906,1.4438847303390503,85.88308715820312,0.10476766526699066,31.506336212158203,6976.04150390625,460.25,8,2,0,6,0,0.171875,0.22314453125,0.19873046875,0.3330078125,0.0732421875,103.61505126953125,22.118900299072266
44,180224,76028.86670994759,1715.2841172218323,1674.3983829021454,23.171139240264893,23.12555170059204,1137.1029951803387,-0.0069169290363788605,31.42645263671875,1.3750466108322144,5344.4033203125,0.0,36.80279541015625,9982.376953125,500.0,8,0,0,8,0,0.17431640625,0.1943359375,0.16064453125,0.384033203125,0.086669921875,87.29916381835938,28.9940128326416
45,184320,77583.01138019562,1554.0500168800354,1510.06307721138,25.87028741836548,25.827895641326904,248.346172067523,0.022618219256401062,17.650657653808594,1.3764201402664185,1030.8304443359375,0.0,24.506807327270508,10715.56640625,500.0,8,1,0,7,0,0.18505859375,0.18115234375,0.15185546875,0.396240234375,0.085693359375,62.06496810913086,16.86589241027832
46,188416,79033.93183898926,1450.820548772812,1386.546003818512,47.616328954696655,47.56676483154297,105.73541385680437,-0.02175699919462204,43.48471450805664,1.4224318265914917,120.11210632324219,0.12766259908676147,38.22450256347656,11107.13671875,471.375,8,2,0,6,0,0.1826171875,0.184814453125,0.173095703125,0.380859375,0.07861328125,103.36084747314453,32.631248474121094
47,192512,80572.95760345459,1538.8337001800537,1490.9735267162323,29.98299217224121,29.938178777694702,60.38520047813654,0.019659310579299927,32.65734100341797,1.3966071605682373,10.58101749420166,0.054290272295475006,25.581138610839844,11395.9033203125,490.125,8,1,0,7,0,0.192626953125,0.1611328125,0.1572265625,0.39990234375,0.089111328125,90.82196044921875,13.893433570861816
48,196608,81922.74311351776,1349.7225131988525,1284.220350265503,48.302245140075684,48.258352518081665,161.86956266760828,0.09388776123523712,10.315994262695312,1.3872822523117065,676.37744140625,0.05743832886219025,16.172704696655273,12261.88671875,499.625,8,1,0,7,0,0.20751953125,0.157958984375,0.162353515625,0.389404296875,0.082763671875,63.687808990478516,8.525655746459961
49,200704,83217.20227241516,1294.3817512989044,1225.5117840766907,51.17224311828613,51.09172177314758,104.01874864697456,0.0983140766620636,33.826072692871094,1.4320635795593262,220.47718811035156,0.0,25.998924255371094,10516.5234375,468.125,8,2,0,6,0,0.18603515625,0.181396484375,0.209716796875,0.341064453125,0.081787109375,93.78820037841797,12.982531547546387
50,204800,84634.69869065285,1417.306911945343,1386.2312397956848,12.755568265914917,12.711732864379883,49.662970152497294,-0.08464060723781586,25.248390197753906,1.4441840648651123,3.3067450523376465,0.0,23.837871551513672,10542.548828125,500.0,8,0,0,8,0,0.164794921875,0.201416015625,0.194091796875,0.363037109375,0.07666015625,81.63618469238281,15.636618614196777
51,208896,86093.42379379272,1458.6608622074127,1414.1827058792114,26.370381116867065,26.326924562454224,47.96672147288918,0.21780934929847717,26.665573120117188,1.4173815250396729,30.079299926757812,0.034398455172777176,15.060599327087402,10882.9609375,500.0,8,0,0,8,0,0.151611328125,0.2138671875,0.194580078125,0.356689453125,0.083251953125,36.05839157104492,13.813823699951172
52,212992,89498.10761237144,1868.3917076587677,1774.1881265640259,75.27140665054321,75.22362208366394,71.39263374358416,-0.1258092075586319,41.6363639831543,1.43898344039917,2.8331918716430664,0.024878673255443573,29.31046485900879,10329.4892578125,500.0,8,0,0,8,0,0.170166015625,0.216064453125,0.1904296875,0.33203125,0.09130859375,82.22576904296875,18.636104583740234
53,217088,90998.1366455555,1499.967313528061,1462.551197528839,19.14286518096924,19.095993757247925,2161.981001792103,-0.02947947010397911,24.936050415039062,1.4414982795715332,10563.455078125,0.0,24.38341522216797,10644.1142578125,500.0,8,0,0,8,0,0.175537109375,0.204345703125,0.16162109375,0.367919921875,0.090576171875,75.32585906982422,14.968459129333496
54,221184,92261.80973410606,1263.5909481048584,1227.0928325653076,18.625635147094727,18.583221197128296,91.54611131101846,0.12556782364845276,35.887779235839844,1.4011750221252441,76.14550018310547,0.11945251375436783,40.2797737121582,10879.484375,500.0,8,0,0,8,0,0.175537109375,0.1923828125,0.15771484375,0.388427734375,0.0859375,99.66686248779297,29.1673526763916
55,225280,93560.3650610447,1298.5129601955414,1246.9269502162933,32.5487265586853,32.5051691532135,164.3799346969463,-0.020147543400526047,67.67926788330078,1.411916732788086,263.3044128417969,0.007510353345423937,44.05842971801758,13309.55078125,469.25,8,2,0,6,0,0.18408203125,0.223388671875,0.1513671875,0.359130859375,0.08203125,156.83984375,27.315526962280273
56,229376,94880.69405603409,1320.2582142353058,1254.0350217819214,48.246618032455444,48.20372247695923,129.81403478235006,-0.012854255735874176,31.543838500976562,1.4014347791671753,268.3973693847656,0.0,44.60357666015625,12890.08203125,477.75,8,3,0,5,0,0.166015625,0.21240234375,0.17236328125,0.361083984375,0.088134765625,164.22068786621094,17.728538513183594
57,233472,96358.46524047852,1477.4126517772675,1415.2120146751404,43.37078642845154,43.323014974594116,63.78759069442749,-0.02138686180114746,32.16803741455078,1.4090608358383179,3.4517405033111572,0.0,30.950592041015625,12040.30859375,489.875,8,1,0,7,0,0.1435546875,0.226806640625,0.168701171875,0.369873046875,0.091064453125,75.52133178710938,23.110013961791992
58,237568,98003.75440168381,1645.2187066078186,1565.337019443512,60.20425248146057,60.15543532371521,87.9200539380312,0.08227045834064484,55.316001892089844,1.4715391397476196,35.73857498168945,0.1791822910308838,25.33823013305664,10088.302734375,500.0,8,0,0,8,0,0.13916015625,0.23388671875,0.192626953125,0.346435546875,0.087890625,72.81239318847656,24.157573699951172
59,241664,99492.15472221375,1488.358615398407,1422.5029871463776,47.11884570121765,47.037352085113525,947.581024375558,0.0014104992151260376,25.426666259765625,1.3744243383407593,4485.2578125,0.0,25.10138511657715,11525.564453125,500.0,8,0,0,8,0,0.13427734375,0.211181640625,0.173095703125,0.398681640625,0.082763671875,76.339599609375,14.107414245605469
60,245760,100803.94265890121,1311.7434000968933,1260.8811724185944,32.43296480178833,32.3850212097168,518.7086534082889,-0.1391962468624115,31.868139266967773,1.406445860862732,2329.81298828125,0.0,21.017112731933594,9700.0908203125,500.0,8,0,0,8,0,0.14404296875,0.207763671875,0.17529296875,0.3896484375,0.083251953125,58.026641845703125,15.499553680419922
61,249856,102239.88332152367,1435.9038300514221,1383.7782983779907,30.654256343841553,30.610681295394897,58.498109862208366,0.181521937251091,30.069080352783203,1.3954813480377197,2.2058796882629395,0.0,27.806331634521484,10194.5625,484.625,8,1,0,7,0,0.122802734375,0.21533203125,0.182861328125,0.38720703125,0.091796875,80.0933837890625,20.692230224609375
62,253952,104378.55137705803,1256.54758810997,1222.2349517345428,16.596948385238647,16.553845643997192,988.2138458710165,-0.0835232138633728,35.66666793823242,1.429671287536621,4662.53857421875,0.011751582846045494,20.120635986328125,7626.82177734375,500.0,8,0,0,8,0,0.131103515625,0.224365234375,0.2021484375,0.31982421875,0.12255859375,76.07965087890625,10.327840805053711
63,258048,105626.6578681469,1248.068712234497,1199.172206401825,30.843788146972656,30.79982018470764,74.56661553159356,-0.07473456859588623,30.748464584350586,1.3828049898147583,2.507838249206543,0.05332242324948311,43.380653381347656,8821.505859375,500.0,8,0,0,8,0,0.125244140625,0.209228515625,0.176513671875,0.38037109375,0.108642578125,179.03604125976562,13.195161819458008
64,262144,106818.81673121452,1192.1306040287018,1114.6052584648132,59.412710189819336,59.370062828063965,61.05007390677929,0.06359319388866425,29.562679290771484,1.4223562479019165,2.8427505493164062,0.0,30.85525131225586,10970.3369140625,500.0,8,0,0,8,0,0.12939453125,0.21533203125,0.1953125,0.364013671875,0.095947265625,112.51900482177734,18.88283920288086
65,266240,108435.90765690804,1616.8841381072998,1556.4294986724854,41.63963603973389,41.59106135368347,32.288123631477355,0.18783962726593018,18.130447387695312,1.4169608354568481,2.2797555923461914,0.0,13.513885498046875,11409.87890625,500.0,8,0,0,8,0,0.14013671875,0.249755859375,0.179931640625,0.3486328125,0.08154296875,41.803802490234375,10.419644355773926
66,270336,109658.26857352257,1222.2605435848236,1191.2490675449371,13.114216804504395,13.069583654403687,72.77974981069565,0.17641156911849976,34.68901062011719,1.39829421043396,2.004880905151367,0.0,37.51335144042969,11771.48046875,500.0,8,0,0,8,0,0.138671875,0.232666015625,0.192138671875,0.350830078125,0.085693359375,91.10224914550781,28.317729949951172
67,274432,111079.16850590706,1420.856299161911,1384.4446210861206,17.2830171585083,17.197440147399902,126.24636177271606,0.005241625010967255,35.69014358520508,1.4363059997558594,290.89544677734375,0.0,32.37188720703125,10862.009765625,498.25,8,1,0,7,0,0.16064453125,0.235595703125,0.18896484375,0.318359375,0.096435546875,104.49662780761719,16.993051528930664
68,278528,112411.76167750359,1332.5267071723938,1291.9622008800507,22.691279888153076,22.647680282592773,8222.809853556751,0.00804920494556427,24.783740997314453,1.3911610841751099,40824.390625,0.0,33.13993835449219,13290.51171875,469.75,8,2,0,6,0,0.135986328125,0.21826171875,0.195556640625,0.362548828125,0.087646484375,131.1871337890625,16.77206039428711
69,282624,113771.92407441139,1360.107659816742,1303.595542192459,38.328962564468384,38.25682258605957,302.0307732865214,0.11491864174604416,19.33671760559082,1.3693087100982666,1303.6953125,0.0,21.84007453918457,10874.271484375,500.0,8,0,0,8,0,0.166259765625,0.224609375,0.1748046875,0.3369140625,0.097412109375,82.1180191040039,11.184174537658691
70,286720,114956.4766304493,1184.5123941898346,1151.651148557663,15.657318353652954,15.615144729614258,336.96689581424,0.020750947296619415,13.477880477905273,1.392835259437561,1514.8905029296875,0.0,20.490163803100586,12078.40625,500.0,8,0,0,8,0,0.151611328125,0.232177734375,0.153564453125,0.36474609375,0.097900390625,50.833927154541016,12.090362548828125
71,290816,116242.28873705864,1285.7789947986603,1232.087239265442,36.02160906791687,35.978259325027466,420.0750928580761,-0.06391623616218567,45.333740234375,1.3927465677261353,1646.690185546875,0.0,45.46723175048828,10439.568359375,480.125,8,2,0,6,0,0.1494140625,0.2216796875,0.185302734375,0.35302734375,0.090576171875,134.42803955078125,29.677692413330078
72,294912,118873.41031074524,1295.0999612808228,1251.653701543808,25.788043975830078,25.745492219924927,405.33479684442284,0.08780506253242493,18.217098236083984,1.3863420486450195,1803.56201171875,0.04702403396368027,26.308086395263672,10705.908203125,498.75,8,1,0,7,0,0.143310546875,0.219482421875,0.153076171875,0.375,0.109130859375,75.46100616455078,13.5669527053833
73,299008,120274.47266316414,1401.0035231113434,1349.1833817958832,34.035086154937744,33.99042773246765,68.80435532778502,-0.028749234974384308,23.003162384033203,1.3546700477600098,3.448782444000244,0.018975019454956055,45.136390686035156,11943.05859375,483.25,8,1,0,7,0,0.140625,0.240478515625,0.18310546875,0.34814453125,0.087646484375,85.6605453491211,34.873435974121094
74,303104,121568.91222548485,1294.4125254154205,1238.866529226303,37.62459373474121,37.58002734184265,396.97675543725495,-0.015177622437477112,25.271272659301758,1.384077548980713,1765.9737548828125,0.0,18.525909423828125,10281.7900390625,470.25,8,2,0,6,0,0.1474609375,0.208740234375,0.195556640625,0.3603515625,0.087890625,71.92320251464844,15.054615020751953
75,307200,123022.2557194233,1453.2504978179932,1414.1092121601105,20.52371621131897,20.467949867248535,152.55769970119002,0.07630443572998047,48.186737060546875,1.3984185457229614,350.9904479980469,0.18987427651882172,34.05859375,10911.568359375,466.875,8,2,0,6,0,0.14111328125,0.209716796875,0.184814453125,0.380126953125,0.084228515625,79.1988754272461,26.37994956970215
76,311296,124277.06316900253,1254.6149549484253,1150.3327028751373,86.27944254875183,86.2158362865448,64.53709962591529,0.029480379074811935,32.812408447265625,1.3841081857681274,9.265886306762695,0.0006492584943771362,29.841903686523438,10170.99609375,500.0,8,0,0,8,0,0.158935546875,0.219970703125,0.170166015625,0.37548828125,0.075439453125,89.01603698730469,15.877997398376465
77,315392,125772.61656880379,1495.527373790741,1449.3277246952057,27.553759813308716,27.50962996482849,51.22209692671895,0.024617064744234085,27.967670440673828,1.4054653644561768,2.3085386753082275,0.04504677653312683,22.759092330932617,8524.173828125,500.0,8,0,0,8,0,0.14208984375,0.222900390625,0.171875,0.3701171875,0.093017578125,49.697113037109375,16.49630355834961
78,319488,127089.35863637924,1316.6102619171143,1265.8994603157043,32.49672842025757,32.4513418674469,33.72541533634067,0.05441248416900635,21.219532012939453,1.3828586339950562,2.201162099838257,0.04554909095168114,12.002128601074219,9398.1220703125,498.875,8,1,0,7,0,0.16748046875,0.1884765625,0.163818359375,0.393310546875,0.0869140625,43.995079040527344,10.835582733154297
79,323584,128604.53803086281,1515.1111414432526,1405.068832397461,91.27516341209412,91.19936561584473,101.74383666366339,-0.006483770906925201,40.21088409423828,1.4141013622283936,119.02587890625,0.0,37.73426055908203,9290.8125,468.625,8,2,0,6,0,0.16015625,0.193603515625,0.14697265625,0.39794921875,0.101318359375,106.49751281738281,19.35291290283203
80,327680,129942.30358695984,1337.7202146053314,1294.4615969657898,25.161821126937866,25.11673641204834,181.8290718726814,-0.04397251829504967,21.04235076904297,1.425421953201294,666.0679931640625,0.054535843431949615,27.60618782043457,7970.234375,500.0,8,0,0,8,0,0.18017578125,0.199951171875,0.151123046875,0.3759765625,0.0927734375,98.89452362060547,13.19362735748291
81,331776,131516.96056604385,1574.6427252292633,1528.2084441184998,26.971304893493652,26.92704963684082,56.67690620645881,0.02240028604865074,24.955852508544922,1.4104381799697876,9.426666259765625,0.0,29.81332015991211,8368.9521484375,500.0,8,0,0,8,0,0.174560546875,0.197021484375,0.15771484375,0.3818359375,0.0888671875,76.68213653564453,22.27679443359375
82,335872,134179.2139594555,1217.7165491580963,1151.513714313507,47.85381770133972,47.811147928237915,93.70572326928377,0.06682480126619339,31.427173614501953,1.3920795917510986,184.04591369628906,0.0,25.402542114257812,9305.341796875,500.0,8,0,0,8,0,0.152587890625,0.212158203125,0.171875,0.373779296875,0.089599609375,74.33335876464844,15.092095375061035
83,339968,135445.3627398014,1266.1255292892456,1218.4548554420471,28.199811697006226,28.109127283096313,89.40023163929581,-0.02960975468158722,37.46253204345703,1.4223099946975708,12.540264129638672,0.0020855404436588287,49.458839416503906,10078.478515625,474.25,8,2,0,6,0,0.168701171875,0.208740234375,0.170654296875,0.368408203125,0.08349609375,133.5764617919922,27.805246353149414
84,344064,136718.66666150093,1273.2255754470825,1226.9549288749695,26.872097492218018,26.829047918319702,2593.3230391919615,0.1023283451795578,37.11676025390625,1.4210700988769531,12614.36328125,0.10395859181880951,33.21050262451172,10142.029296875,483.75,8,3,0,5,0,0.1640625,0.19287109375,0.146240234375,0.4052734375,0.091552734375,82.39240264892578,24.211265563964844
85,348160,138106.95065259933,1388.21054148674,1316.7532060146332,50.549185037612915,50.50517225265503,2961.1927529498935,0.008181698620319366,45.02696228027344,1.4036916494369507,14371.705078125,0.04606334865093231,41.80738067626953,10640.3212890625,471.5,8,2,0,6,0,0.166259765625,0.187744140625,0.1630859375,0.409912109375,0.072998046875,95.88656616210938,31.70416259765625
86,352256,139384.01144313812,1277.0292851924896,1238.1949846744537,21.46710705757141,21.424062490463257,69.26754004061222,0.04404570162296295,17.890865325927734,1.3930401802062988,153.44679260253906,0.0,20.64327049255371,12514.4033203125,481.625,8,1,0,7,0,0.1572265625,0.188232421875,0.147705078125,0.42724609375,0.07958984375,43.74225616455078,20.135101318359375
87,356352,140622.62735939026,1238.5456080436707,1204.153912305832,14.032576322555542,13.988462924957275,34.243941543251275,0.059656474739313126,14.65280532836914,1.4428129196166992,2.9946846961975098,0.0,18.93254280090332,11198.4931640625,500.0,8,0,0,8,0,0.149169921875,0.201416015625,0.16064453125,0.387451171875,0.101318359375,51.741905212402344,12.49039363861084
88,360448,141936.38665390015,1313.6996109485626,1263.372885942459,30.494901657104492,30.452824115753174,313.85776488780976,0.11391150951385498,15.808666229248047,1.3438241481781006,1390.1773681640625,0.0,19.89971351623535,12047.6689453125,482.625,8,1,0,7,0,0.143798828125,0.205322265625,0.149658203125,0.41162109375,0.089599609375,53.089210510253906,14.59832763671875
89,364544,143305.00896906853,1368.567066192627,1314.3339545726776,36.06105875968933,36.01447296142578,67.5673120200634,0.08823797106742859,38.61064910888672,1.3918179273605347,1.8953015804290771,0.0,28.489364624023438,9293.92578125,500.0,8,0,0,8,0,0.151611328125,0.20849609375,0.146728515625,0.408203125,0.0849609375,81.97721862792969,15.830460548400879
90,368640,144913.7455251217,1608.7120645046234,1526.8391270637512,63.26842761039734,63.22505974769592,740.1801435932517,0.11446060985326767,69.28269958496094,1.4036777019500732,3253.41015625,0.0,20.1009521484375,7850.1943359375,454.75,8,2,0,6,0,0.1337890625,0.214111328125,0.172119140625,0.392578125,0.08740234375,62.08000564575195,14.710719108581543
91,372736,146106.12620043755,1192.2903609275818,1148.075679063797,24.92610502243042,24.879316568374634,62.637748225033285,0.017638124525547028,42.39189910888672,1.4265172481536865,2.764878988265991,0.06106099486351013,19.663022994995117,8206.69921875,500.0,8,0,0,8,0,0.14404296875,0.222900390625,0.1669921875,0.379150390625,0.0869140625,53.05355453491211,15.672231674194336
92,376832,148563.57665109634,1246.535805940628,1200.046070098877,28.13094925880432,28.086634635925293,72.88863163143397,-0.08081094920635223,53.90802764892578,1.3869967460632324,2.114208698272705,0.08467923849821091,18.62163734436035,10463.03515625,497.375,8,1,0,7,0,0.13720703125,0.209228515625,0.143798828125,0.404296875,0.10546875,66.36741638183594,14.32912540435791
93,380928,149762.65467882156,1199.0134930610657,1108.8483529090881,72.78958177566528,72.74493145942688,38.749812656641005,0.07026401162147522,15.64100456237793,1.4007198810577393,2.1715660095214844,0.0,22.604230880737305,9909.4619140625,500.0,8,0,0,8,0,0.145751953125,0.21240234375,0.153076171875,0.396240234375,0.092529296875,73.89957427978516,11.442533493041992
94,385024,151046.4014058113,1283.6472589969635,1249.6276042461395,15.619934320449829,15.578001499176025,63.56254124045372,0.10617288947105408,33.75292205810547,1.3702826499938965,3.2334656715393066,0.0,29.056753158569336,10654.3818359375,483.375,8,1,0,7,0,0.146484375,0.236083984375,0.15234375,0.387451171875,0.07763671875,102.15780639648438,13.527164459228516
95,389120,152284.60465979576,1238.1341602802277,1205.290726184845,14.476675748825073,14.433584451675415,147.4145183324814,0.07584482431411743,25.96062660217285,1.3962064981460571,507.11993408203125,0.18545395135879517,19.916969299316406,9874.9423828125,500.0,8,0,0,8,0,0.1552734375,0.203125,0.14892578125,0.4091796875,0.08349609375,51.74889373779297,12.927888870239258
96,393216,153843.38566160202,1558.7570655345917,1495.2041373252869,44.980576515197754,44.91687846183777,178.79425978809596,-0.10435833781957626,37.54816436767578,1.3952487707138062,652.855712890625,0.0,10.779311180114746,9312.005859375,500.0,8,0,0,8,0,0.15185546875,0.2109375,0.165283203125,0.376708984375,0.09521484375,31.771249771118164,8.827094078063965
97,397312,155301.3981244564,1457.9488348960876,1410.350721359253,29.162545204162598,29.118389129638672,39.16561331450939,0.07266263663768768,23.8636417388916,1.3616421222686768,3.418163537979126,0.0,14.545676231384277,8879.099609375,500.0,8,0,0,8,0,0.14013671875,0.2119140625,0.1728515625,0.388671875,0.08642578125,33.554908752441406,14.963648796081543
98,401408,156725.64602684975,1424.192774772644,1379.6913466453552,27.186749696731567,27.14332151412964,65.9505736887455,-0.08858489245176315,37.34218215942383,1.4134416580200195,1.9937520027160645,0.016673319041728973,28.294891357421875,10172.1220703125,480.25,8,1,0,7,0,0.12158203125,0.2275390625,0.1669921875,0.384521484375,0.099365234375,82.4003677368164,17.79006576538086
