# scenario=2_dense, ego_maneuver=stem_right, seed=42, episode_idx=216, terminal_step=480, collision_agent_id=unknown
step,ego_x,ego_y,ego_psi,ego_v,ego_a,action,reward,min_ttc,n_agents,collision_agent_id,terminal_flag
0,54.8,4.119999999999999,0.0,0.2,2.0,3,0.010000000000000002,10.0,0,none,0
1,54.8,4.159999999999999,0.0,0.4,2.0,3,0.030000000000000006,10.0,0,none,0
2,54.8,4.219999999999999,0.0,0.6000000000000001,2.0000000000000004,3,0.05000000000000001,10.0,0,none,0
3,54.8,4.299999999999999,0.0,0.8,1.9999999999999996,3,0.07,10.0,0,none,0
4,54.8,4.377499999999999,0.0,0.775,-0.2500000000000002,2,0.0175,10.0,0,none,0
5,54.8,4.457499999999999,0.0,0.8,0.2500000000000002,1,0.020000000000000004,10.0,0,none,0
6,54.8,4.557499999999998,0.0,1.0,1.9999999999999996,3,0.039999999999999994,10.0,0,none,0
7,54.8,4.6324999999999985,0.0,0.75,-2.5,0,0.015,77.00600183424652,1,none,0
8,54.8,4.704999999999998,0.0,0.725,-0.2500000000000002,2,0.01249999999999999,52.00866218515849,1,none,0
9,54.8,4.752499999999999,0.0,0.475,-2.5,0,-0.012500000000000004,69.447916506618,1,none,0
10,54.8,4.776249999999998,0.0,0.2375,-2.3749999999999996,0,0.013749999999999998,72.11114463573165,2,none,0
11,54.8,4.802499999999998,0.0,0.26249999999999996,0.24999999999999967,1,-0.03375000000000001,76.6813210492862,2,none,0
12,54.8,4.831249999999998,0.0,0.2875,0.2500000000000002,1,0.018749999999999996,66.76853196865162,2,none,0
13,54.8,4.845624999999998,0.0,0.14375,-1.4374999999999998,0,-0.045625000000000006,71.24244228743495,3,none,0
14,54.8,4.879999999999998,0.0,0.34375,2.0,3,-0.025625000000000002,52.77680272932183,3,none,0
15,54.8,4.911874999999998,0.0,0.31875,-0.2500000000000002,2,-0.028125000000000004,42.73663719896814,3,none,0
16,54.8,4.963749999999998,0.0,0.51875,2.0000000000000004,3,-0.008125,35.868214512912104,3,none,0
17,54.8,4.990624999999999,0.0,0.26875000000000004,-2.5,0,-0.033125,31.51747998863645,4,none,0
18,54.8,5.037499999999999,0.0,0.46875000000000006,2.0,3,-0.013124999999999998,27.67102168122961,4,none,0
19,54.8,5.104374999999998,0.0,0.6687500000000001,2.0,3,0.056875,24.928549944848115,4,none,0
20,54.8,5.191249999999998,0.0,0.8687500000000001,2.0000000000000004,3,0.07687500000000003,22.191075483407733,4,none,0
21,54.8,5.280624999999999,0.0,0.8937500000000002,0.2500000000000002,1,0.029375000000000026,20.160316606197167,4,none,0
22,54.8,5.344999999999999,0.0,0.6437500000000002,-2.5,0,0.004375000000000011,18.652560594241656,4,none,0
23,54.8,5.411874999999998,0.0,0.6687500000000002,0.2500000000000002,1,0.006875000000000013,17.682996773084337,4,none,0
24,54.8,5.4987499999999985,0.0,0.8687500000000001,1.9999999999999996,3,0.026875000000000024,16.185676151652892,4,none,0
25,54.8,5.560624999999998,0.0,0.6187500000000001,-2.5,0,0.0018750000000000086,15.462329659814914,4,none,0
26,54.8,5.642499999999998,0.0,0.8187500000000001,1.9999999999999996,3,0.02187500000000002,14.63554598703821,4,none,0
27,54.8,5.744374999999998,0.0,1.01875,1.9999999999999996,3,0.09187500000000001,13.653899029048048,4,none,0
28,54.8,5.843749999999998,0.0,0.99375,-0.2500000000000002,2,0.03937500000000001,12.874299561423452,5,none,0
29,54.8,5.963124999999998,0.0,1.19375,2.0000000000000004,3,0.059375,12.024503896794869,5,none,0
30,54.8,6.102499999999998,0.0,1.39375,1.9999999999999996,3,0.129375,11.287747358068392,5,none,0
31,54.8,6.239374999999999,0.0,1.36875,-0.25000000000000133,2,0.07687499999999999,10.718457051167587,5,none,0
32,54.8,6.371249999999997,0.0,1.3187499999999999,-0.5000000000000004,1,0.07187499999999998,10.217493668841536,6,none,0
33,54.8,6.5006249999999985,0.0,1.2937499999999997,-0.25000000000000133,2,0.06937499999999998,9.699157977852225,6,none,0
34,54.8,6.604999999999998,0.0,1.0437499999999997,-2.5,0,0.044374999999999984,9.356492597448446,6,none,0
35,54.8,6.6843749999999975,0.0,0.7937499999999997,-2.5,0,0.06937499999999996,8.956417923630763,6,none,0
36,54.8,6.7662499999999985,0.0,0.8187499999999998,0.2500000000000002,1,0.021874999999999964,8.477229322461334,6,none,0
37,54.8,6.868124999999998,0.0,1.0187499999999998,2.0000000000000004,3,0.04187499999999998,8.042845698251035,6,none,0
38,54.8,6.969062499999997,0.0,1.009375,-0.09374999999999911,1,0.0409375,7.769389364831059,6,none,0
39,54.8,7.089999999999997,0.0,1.2093749999999999,1.9999999999999996,3,0.06093749999999999,7.443437579567263,6,none,0
40,54.8,7.185937499999998,0.0,0.9593749999999999,-2.5,0,0.0359375,7.102357112414629,6,none,0
41,54.8,7.241874999999996,0.0,0.5593749999999998,-4.0,4,-0.5040625000000001,6.801199260823756,6,none,0
42,54.8,7.300312499999997,0.0,0.5843749999999999,0.2500000000000002,1,-0.0015625000000000153,6.516945959450055,6,none,0
43,54.8,7.378749999999997,0.0,0.7843749999999998,1.9999999999999996,3,0.01843749999999998,6.288823013533671,6,none,0
44,54.8,7.477187499999997,0.0,0.9843749999999998,1.9999999999999996,3,0.08843749999999997,6.0431994148448895,6,none,0
45,54.8,7.5956249999999965,0.0,1.1843749999999997,1.9999999999999996,3,0.10843749999999996,5.815715628189353,6,none,0
46,54.8,7.709062499999996,0.0,1.1343749999999997,-0.5000000000000004,1,0.05343749999999996,5.559363661081133,6,none,0
47,54.8,7.797499999999997,0.0,0.8843749999999997,-2.5,0,0.028437499999999963,5.340661520532047,6,none,0
48,54.8,7.8884374999999975,0.0,0.9093749999999997,0.2500000000000002,1,0.030937499999999965,5.174143635864655,6,none,0
49,54.8,7.981874999999997,0.0,0.9343749999999997,0.2500000000000002,1,0.08343749999999997,4.965639120498358,6,none,0
50,54.8,8.095312499999997,0.0,1.1343749999999997,1.9999999999999996,3,0.05343749999999996,4.794372451264259,6,none,0
51,54.8,8.203749999999996,0.0,1.0843749999999996,-0.5000000000000004,1,0.04843749999999995,4.661322533778556,6,none,0
52,54.8,8.307968749999995,0.0,1.0421874999999998,-0.4218749999999982,1,0.09421874999999999,4.632236705066947,6,none,0
53,54.8,8.410078124999995,0.0,1.02109375,-0.2109374999999991,1,0.092109375,4.532517461122827,6,none,0
54,54.8,8.511132812499994,0.0,1.010546875,-0.10546874999999956,1,0.09105468750000001,4.517100556335806,6,none,0
55,54.8,8.611660156249995,0.0,1.0052734375,-0.05273437499999867,1,0.09052734375000002,4.469820428823861,6,none,0
56,54.8,8.711923828124995,0.0,1.00263671875,-0.026367187500000444,1,0.090263671875,4.417708563889317,6,none,0
57,54.8,8.812055664062495,0.0,1.001318359375,-0.013183593750001332,1,0.09013183593749999,4.355751855536377,6,none,0
58,54.8,8.912121582031245,0.0,1.0006591796875,-0.006591796874999556,1,0.09006591796874999,4.2735987864308305,6,none,0
59,54.8,9.01215454101562,0.0,1.00032958984375,-0.0032958984374986677,1,0.09003295898437502,4.2101611023400425,6,none,0
60,54.8,9.112171020507809,0.0,1.000164794921875,-0.001647949218750444,1,0.0900164794921875,4.179829981371382,6,none,0
61,54.8,9.232187499999997,0.0,1.200164794921875,1.9999999999999996,3,0.06001647949218751,4.145881047300027,6,none,0
62,54.8,9.347203979492184,0.0,1.150164794921875,-0.5000000000000004,1,0.055016479492187506,4.108206253203577,6,none,0
63,54.8,9.457220458984372,0.0,1.100164794921875,-0.5000000000000004,1,0.1000164794921875,4.055438425810133,6,none,0
64,54.8,9.562236938476559,0.0,1.0501647949218749,-0.5000000000000004,1,0.0950164794921875,4.014873441745651,6,none,0
65,54.8,9.642253417968746,0.0,0.8001647949218749,-2.5,0,0.020016479492187475,3.972996759491787,6,none,0
66,54.8,9.724769897460934,0.0,0.8251647949218749,0.2500000000000002,1,0.022516479492187477,3.960407603927068,6,none,0
67,54.8,9.809786376953122,0.0,0.8501647949218749,0.2500000000000002,1,0.07501647949218748,3.9028513206998072,6,none,0
68,54.8,9.89730285644531,0.0,0.8751647949218749,0.2500000000000002,1,0.07751647949218748,3.8952570414239434,6,none,0
69,54.8,9.987319335937496,0.0,0.900164794921875,0.2500000000000002,1,0.08001647949218749,3.8692700264151014,6,none,0
70,54.8,10.079835815429684,0.0,0.925164794921875,0.2500000000000002,1,0.08251647949218749,3.8188564841889407,6,none,0
71,54.8,10.174852294921871,0.0,0.950164794921875,0.2500000000000002,1,0.08501647949218749,3.6617535776946695,6,none,0
72,54.8,10.289868774414058,0.0,1.150164794921875,1.9999999999999996,3,0.055016479492187506,3.523567828912288,6,none,0
73,54.8,10.424885253906245,0.0,1.350164794921875,1.9999999999999996,3,0.1250164794921875,3.3791160088010352,6,none,0
74,54.8,10.579901733398433,0.0,1.5501647949218749,1.9999999999999996,3,0.1450164794921875,3.188738111459326,6,none,0
75,54.8,10.75491821289062,0.0,1.7501647949218748,1.9999999999999996,3,-2.8349835205078127,2.996812447828789,6,none,0
76,54.8,10.924934692382807,0.0,1.7001647949218748,-0.5000000000000004,1,-2.8899835205078124,2.8398073321274526,6,none,0
77,54.8,11.089951171874995,0.0,1.6501647949218747,-0.5000000000000004,1,-2.8449835205078124,2.7167336177652475,6,none,0
78,54.8,11.274967651367183,0.0,1.8501647949218747,1.9999999999999996,3,-2.8749835205078123,2.53677030972917,6,none,0
79,54.8,11.47998413085937,0.0,2.0501647949218746,1.9999999999999996,3,-2.8049835205078124,2.3784258133413556,6,none,0
80,54.8,11.705000610351558,0.0,2.250164794921875,2.0000000000000018,3,-2.7849835205078124,2.233821702433917,6,none,0
81,54.8,11.905017089843746,0.0,2.000164794921875,-2.5,0,-2.8599835205078126,2.151467000173485,6,none,0
82,54.8,12.100033569335933,0.0,1.9501647949218748,-0.5000000000000004,1,-2.8649835205078125,2.1137299462403414,6,none,0
83,54.8,12.290050048828121,0.0,1.9001647949218747,-0.5000000000000004,1,-2.8199835205078125,2.0382940175300988,6,none,0
84,54.8,12.47506652832031,0.0,1.8501647949218747,-0.5000000000000004,1,-2.8249835205078124,2.055126338972161,6,none,0
85,54.8,12.635083007812497,0.0,1.6001647949218747,-2.5,0,-2.899983520507812,1.997279138089344,6,none,0
86,54.8,12.81509948730468,0.0,1.8001647949218746,1.9999999999999996,3,-2.879983520507812,2.0086869268389225,6,none,0
87,54.8,13.015115966796872,0.0,2.000164794921875,2.0000000000000018,3,-2.8099835205078127,1.9908851038911013,6,none,0
88,54.8,13.175132446289059,0.0,1.600164794921875,-3.999999999999999,4,-3.399983520507812,1.9774754224068707,6,none,0
89,54.8,13.310148925781244,0.0,1.350164794921875,-2.5,0,-2.9249835205078125,1.9334091401401348,6,none,0
90,54.8,13.465165405273432,0.0,1.5501647949218749,1.9999999999999996,3,-2.9049835205078125,1.954181675640955,6,none,0
91,54.8,13.580181884765619,0.0,1.1501647949218747,-4.000000000000001,4,-3.4449835205078125,1.9564088414635346,6,none,0
92,54.8,13.670198364257805,0.0,0.9001647949218747,-2.5,0,-2.9699835205078124,1.923700712973491,6,none,0
93,54.8,13.762714843749993,0.0,0.9251647949218748,0.2500000000000002,1,-2.9674835205078125,1.9726227598773247,6,none,0
94,54.8,13.857731323242179,0.0,0.9501647949218748,0.2500000000000002,1,-2.9149835205078123,1.9564627750935801,6,none,0
95,54.8,13.955239562988274,0.0,0.9750823974609374,0.2491760253906261,1,-2.912491760253906,1.9916392011177082,6,none,0
96,54.8,14.053993682861321,0.0,0.9875411987304688,0.12458801269531361,1,-2.911245880126953,2.024940946274544,6,none,0
97,54.8,14.127747802734369,0.0,0.7375411987304688,-2.5,0,-2.986245880126953,1.9878328110094536,6,none,0
98,54.8,14.204001922607416,0.0,0.7625411987304688,0.2500000000000002,1,-2.983745880126953,2.0573042699883834,6,none,0
99,54.8,14.300256042480463,0.0,0.9625411987304688,2.0000000000000004,3,-2.963745880126953,2.098510472344098,6,none,0
100,54.8,14.398383102416988,0.0,0.9812705993652344,0.1872940063476558,1,-2.9618729400634765,2.1368971359267195,6,none,0
101,54.8,14.516510162353509,0.0,1.1812705993652344,1.9999999999999996,3,-2.9418729400634764,2.2088080969531956,6,none,0
102,54.8,14.629637222290032,0.0,1.1312705993652343,-0.5000000000000004,1,-2.9468729400634763,2.229552681120601,6,none,0
103,54.8,14.762764282226556,0.0,1.3312705993652343,1.9999999999999996,3,-2.9268729400634763,2.2944049708137113,6,none,0
104,54.8,14.91589134216308,0.0,1.5312705993652342,1.9999999999999996,3,-2.8568729400634765,2.419853511241663,6,none,0
105,54.8,15.029018402099604,0.0,1.131270599365234,-4.000000000000001,4,-3.4468729400634763,2.3799254940132095,6,none,0
106,54.8,15.137145462036125,0.0,1.081270599365234,-0.5000000000000004,1,-2.9518729400634762,2.4481022766222287,6,none,0
107,54.8,15.241208992004387,0.0,1.040635299682617,-0.40635299682617143,1,-2.9059364700317385,2.4647588870238573,6,none,0
108,54.8,15.305272521972649,0.0,0.6406352996826169,-4.0,4,-3.4959364700317384,2.480483512047406,6,none,0
109,54.8,15.37183605194091,0.0,0.6656352996826169,0.2500000000000002,1,-2.993436470031738,2.5428338997109794,6,none,0
110,54.8,15.413399581909173,0.0,0.4156352996826169,-2.5,0,-3.0184364700317383,2.539594550751034,6,none,0
111,54.8,15.457463111877432,0.0,0.44063529968261694,0.2500000000000002,1,-3.015936470031738,2.6655613031851364,6,none,0
112,54.8,15.504026641845696,0.0,0.46563529968261697,0.2500000000000002,1,-2.963436470031738,2.704531041685909,6,none,0
113,54.8,15.527308406829826,0.0,0.23281764984130848,-2.3281764984130846,0,-3.036718235015869,2.724465208307242,6,none,0
114,54.8,15.553090171813958,0.0,0.2578176498413085,0.2500000000000002,1,-3.034218235015869,2.8310526933633064,6,none,0
115,54.8,15.598871936798089,0.0,0.4578176498413085,2.0,3,-3.014218235015869,2.933038546510804,6,none,0
116,54.8,15.621762819290154,0.0,0.22890882492065426,-2.2890882492065425,0,-3.0371091175079346,2.9814435586170016,6,none,0
117,54.8,15.64715370178222,0.0,0.25390882492065425,0.24999999999999994,1,-0.03460911750793458,3.062987398889338,5,none,0
118,54.8,15.675044584274286,0.0,0.2789088249206543,0.2500000000000002,1,0.017890882492065427,3.11680981323198,5,none,0
119,54.8,15.70043546676635,0.0,0.25390882492065425,-0.2500000000000002,2,-0.03460911750793458,3.2252509831020966,5,none,0
120,54.8,15.728326349258419,0.0,0.2789088249206543,0.2500000000000002,1,-0.032109117507934576,3.2872775204260716,5,none,0
121,54.8,15.758717231750483,0.0,0.3039088249206543,0.2500000000000002,1,0.02039088249206543,3.385062638513539,5,none,0
122,54.8,15.78660811424255,0.0,0.2789088249206543,-0.2500000000000002,2,-0.032109117507934576,3.464323961779506,5,none,0
123,54.8,15.816998996734615,0.0,0.3039088249206543,0.2500000000000002,1,-0.029609117507934574,3.5343575537573293,5,none,0
124,54.8,15.84988987922668,0.0,0.3289088249206543,0.2500000000000002,1,0.02289088249206543,3.645447667136874,5,none,0
125,54.8,15.885280761718743,0.0,0.35390882492065434,0.2500000000000002,1,0.025390882492065434,3.752747485126802,4,none,0
126,54.8,15.92317164421081,0.0,0.37890882492065436,0.2500000000000002,1,0.027890882492065436,3.8065980346545367,4,none,0
127,54.8,15.963562526702876,0.0,0.4039088249206544,0.2500000000000002,1,0.030390882492065438,3.898521818156378,4,none,0
128,54.8,16.00145340919494,0.0,0.37890882492065436,-0.2500000000000002,2,-0.022109117507934567,3.9831839090260144,4,none,0
129,54.8,16.041844291687006,0.0,0.4039088249206544,0.2500000000000002,1,-0.019609117507934565,4.0764905522530865,4,none,0
130,54.8,16.07973517417907,0.0,0.37890882492065436,-0.2500000000000002,2,-0.022109117507934567,4.149013134176058,4,none,0
131,54.8,16.120126056671136,0.0,0.4039088249206544,0.2500000000000002,1,-0.019609117507934565,4.289093259951591,4,none,0
132,54.8,16.163016939163203,0.0,0.4289088249206544,0.2500000000000002,1,0.03289088249206544,4.381756866652535,4,none,0
133,54.8,16.208407821655268,0.0,0.45390882492065443,0.2500000000000002,1,0.03539088249206544,4.487783666539046,4,none,0
134,54.8,16.256298704147333,0.0,0.47890882492065445,0.2500000000000002,1,0.037890882492065445,4.558675082725971,4,none,0
135,54.8,16.3066895866394,0.0,0.5039088249206545,0.2500000000000002,1,0.04039088249206545,4.644034004585448,4,none,0
136,54.8,16.354580469131466,0.0,0.47890882492065445,-0.2500000000000002,2,-0.012109117507934558,4.721652990151142,4,none,0
137,54.8,16.404971351623534,0.0,0.5039088249206545,0.2500000000000002,1,-0.009609117507934556,4.8052086311757565,4,none,0
138,54.8,16.4753622341156,0.0,0.7039088249206544,1.9999999999999996,3,0.010390882492065441,4.948334017492044,4,none,0
139,54.8,16.565753116607667,0.0,0.9039088249206544,1.9999999999999996,3,0.08039088249206544,5.101389018584263,4,none,0
140,54.8,16.65864399909973,0.0,0.9289088249206544,0.2500000000000002,1,0.03289088249206544,5.187319826458989,4,none,0
141,54.8,16.749034881591797,0.0,0.9039088249206544,-0.2500000000000002,2,0.030390882492065438,5.320904989218322,4,none,0
142,54.8,16.84192576408386,0.0,0.9289088249206544,0.2500000000000002,1,0.03289088249206544,5.3935469503481945,4,none,0
143,54.8,16.937316646575926,0.0,0.9539088249206544,0.2500000000000002,1,0.08539088249206545,5.477801588983061,4,none,0
144,54.8,17.035012087821958,0.0,0.9769544124603272,0.23045587539672785,1,0.08769544124603273,5.566877012647002,4,none,0
145,54.8,17.133859808444974,0.0,0.9884772062301637,0.11522793769836448,1,0.08884772062301638,5.639059154431983,4,none,0
146,54.8,17.23020752906799,0.0,0.9634772062301636,-0.2500000000000002,2,0.036347720623016375,5.769246201534302,4,none,0
147,54.8,17.328381389379498,0.0,0.9817386031150819,0.18261396884918235,1,0.0381738603115082,15.865044622164005,3,none,0
148,54.8,17.42746831953525,0.0,0.9908693015575409,0.09130698442459062,1,0.08908693015575408,15.875754295313367,3,none,0
149,54.8,17.524055249691006,0.0,0.9658693015575409,-0.2500000000000002,2,0.03658693015575408,16.076154447922622,3,none,0
150,54.8,17.64064217984676,0.0,1.165869301557541,2.0000000000000004,3,0.0565869301557541,17.46611564229574,3,none,0
151,54.8,17.754729110002515,0.0,1.140869301557541,-0.2499999999999991,2,0.054086930155754095,16.97960025013492,3,none,0
152,54.8,17.866316040158267,0.0,1.1158693015575412,-0.2499999999999991,2,0.10158693015575412,17.47732629373605,3,none,0
153,54.8,17.97290297031402,0.0,1.0658693015575411,-0.5000000000000004,1,0.04658693015575412,17.729686815941214,3,none,0
154,54.8,18.076989900469776,0.0,1.040869301557541,-0.25000000000000133,2,0.04408693015575409,15.188797063525211,3,none,0
155,54.8,18.20107683062553,0.0,1.240869301557541,1.9999999999999996,3,0.0640869301557541,16.47545665451588,3,none,0
156,54.8,18.322663760781285,0.0,1.2158693015575408,-0.25000000000000133,2,0.061586930155754074,14.980668753267626,3,none,0
157,54.8,18.46425069093704,0.0,1.4158693015575408,1.9999999999999996,3,0.08158693015575406,15.197614622730903,3,none,0
158,54.8,18.625837621092792,0.0,1.6158693015575407,1.9999999999999996,3,0.15158693015575408,13.736052597544424,3,none,0
159,54.8,18.762424551248547,0.0,1.3658693015575407,-2.5,0,0.07658693015575406,14.989215286363404,3,none,0
160,54.8,18.8965114814043,0.0,1.3408693015575408,-0.2499999999999991,2,0.07408693015575409,15.870325102577302,3,none,0
161,54.8,19.005598411560054,0.0,1.0908693015575408,-2.5,0,0.04908693015575409,15.566987185615037,3,none,0
162,54.8,19.110141876637933,0.0,1.0454346507787704,-0.454346507787704,1,0.04454346507787703,16.57935494386536,3,none,0
163,54.8,19.21218534171581,0.0,1.0204346507787703,-0.25000000000000133,2,0.042043465077877026,15.42448439310843,3,none,0
164,54.8,19.289228806793687,0.0,0.7704346507787703,-2.5,0,0.017043465077877032,15.129618520990098,3,none,0
165,54.8,19.368772271871563,0.0,0.7954346507787703,0.2500000000000002,1,0.019543465077877034,15.487080453079585,3,none,0
166,54.8,19.46831573694944,0.0,0.9954346507787704,2.0000000000000004,3,0.039543465077877024,15.590632943011617,3,none,0
167,54.8,19.565359202027317,0.0,0.9704346507787703,-0.2500000000000002,2,0.03704346507787702,14.460560916713684,3,none,0
168,54.8,19.659902667105193,0.0,0.9454346507787703,-0.2500000000000002,2,0.08454346507787702,14.157308525743156,3,none,0
169,54.8,19.77444613218307,0.0,1.1454346507787703,1.9999999999999996,3,0.05454346507787704,15.865298788234348,3,none,0
170,54.8,19.886489597260947,0.0,1.1204346507787704,-0.2499999999999991,2,0.052043465077877035,15.242454763443645,3,none,0
171,54.8,19.993533062338823,0.0,1.0704346507787703,-0.5000000000000004,1,0.04704346507787703,15.057602971327015,3,none,0
172,54.8,20.0755765274167,0.0,0.8204346507787703,-2.5,0,0.022043465077877036,16.83192390197768,3,none,0
173,54.8,20.16011999249458,0.0,0.8454346507787703,0.2500000000000002,1,0.02454346507787704,16.422163518525746,3,none,0
174,54.8,20.264663457572457,0.0,1.0454346507787704,2.0000000000000004,3,0.04454346507787703,13.808399209327641,3,none,0
175,54.8,20.366935190111395,0.0,1.0227173253893853,-0.2271732538938509,1,0.042271732538938525,15.45756669252063,3,none,0
176,54.8,20.466706922650335,0.0,0.9977173253893853,-0.2500000000000002,2,0.03977173253893852,13.636494251414899,3,none,0
177,54.8,20.563978655189274,0.0,0.9727173253893853,-0.2500000000000002,2,0.08727173253893852,14.894251201027263,3,none,0
178,54.8,20.65875038772821,0.0,0.9477173253893852,-0.2500000000000002,2,0.08477173253893852,13.247468171669901,3,none,0
179,54.8,20.75102212026715,0.0,0.9227173253893852,-0.2500000000000002,2,0.08227173253893852,15.040280051338698,3,none,0
180,54.8,20.84079385280609,0.0,0.8977173253893852,-0.2500000000000002,2,0.07977173253893852,15.112529284502992,3,none,0
181,54.8,20.90556558534503,0.0,0.6477173253893852,-2.5,0,0.004771732538938513,13.713308229569568,3,none,0
182,54.8,20.99033731788397,0.0,0.8477173253893853,2.0000000000000004,3,0.024771732538938537,13.646474882816248,3,none,0
183,54.8,21.07260905042291,0.0,0.8227173253893852,-0.2500000000000002,2,0.022271732538938535,13.054987163810017,3,none,0
184,54.8,21.152380782961846,0.0,0.7977173253893852,-0.2500000000000002,2,0.06977173253893854,15.07904698922528,3,none,0
185,54.8,21.234652515500784,0.0,0.8227173253893852,0.2500000000000002,1,0.022271732538938535,14.025481101366063,3,none,0
186,54.8,21.319424248039724,0.0,0.8477173253893853,0.2500000000000002,1,0.07477173253893854,13.291979434562094,3,none,0
187,54.8,21.401695980578662,0.0,0.8227173253893852,-0.2500000000000002,2,0.022271732538938535,12.965666984687113,3,none,0
188,54.8,21.4814677131176,0.0,0.7977173253893852,-0.2500000000000002,2,0.06977173253893854,13.20245257949105,3,none,0
189,54.8,21.55873944565654,0.0,0.7727173253893852,-0.2500000000000002,2,0.06727173253893853,13.884064682690278,3,none,0
190,54.8,21.656011178195477,0.0,0.9727173253893853,2.0000000000000004,3,0.03727173253893852,13.498820729320105,3,none,0
191,54.8,21.750782910734415,0.0,0.9477173253893852,-0.2500000000000002,2,0.03477173253893852,12.619848231921745,3,none,0
192,54.8,21.843054643273355,0.0,0.9227173253893852,-0.2500000000000002,2,0.08227173253893852,13.86694802308788,3,none,0
193,54.8,21.932826375812294,0.0,0.8977173253893852,-0.2500000000000002,2,0.07977173253893852,13.147765551947902,3,none,0
194,54.8,22.042598108351232,0.0,1.0977173253893853,2.0000000000000004,3,0.04977173253893853,12.126687874274232,3,none,0
195,54.8,22.14986984089017,0.0,1.0727173253893851,-0.25000000000000133,2,0.0472717325389385,13.105119279316362,3,none,0
196,54.8,22.254641573429108,0.0,1.0477173253893852,-0.2499999999999991,2,0.09477173253893853,12.334335120827774,3,none,0
197,54.8,22.379413305968047,0.0,1.2477173253893852,1.9999999999999996,3,0.06477173253893852,12.757186242042357,3,none,0
198,54.8,22.479185038506987,0.0,0.9977173253893852,-2.5,0,0.03977173253893852,13.457291510489863,3,none,0
199,54.8,22.553956771045925,0.0,0.7477173253893852,-2.5,0,0.06477173253893853,13.073178712327849,3,none,0
200,54.8,22.648728503584863,0.0,0.9477173253893851,1.9999999999999996,3,0.03477173253893852,11.672884843981585,3,none,0
201,54.8,22.746000236123802,0.0,0.9727173253893852,0.2500000000000002,1,0.03727173253893852,12.681917417073413,3,none,0
202,54.8,22.84077196866274,0.0,0.9477173253893851,-0.2500000000000002,2,0.03477173253893852,12.51264457618952,3,none,0
203,54.8,22.93304370120168,0.0,0.9227173253893851,-0.2500000000000002,2,0.08227173253893852,12.447030343184645,3,none,0
204,54.8,23.022815433740618,0.0,0.8977173253893851,-0.2500000000000002,2,0.07977173253893852,11.935719513348694,3,none,0
205,54.8,23.115087166279558,0.0,0.9227173253893851,0.2500000000000002,1,0.032271732538938516,13.00083318659551,3,none,0
206,54.8,23.204858898818497,0.0,0.8977173253893851,-0.2500000000000002,2,0.029771732538938514,11.393732018982075,3,none,0
207,54.8,23.314630631357435,0.0,1.097717325389385,1.9999999999999996,3,0.049771732538938504,11.185449998568902,3,none,0
208,54.8,23.419516497626905,0.0,1.0488586626946925,-0.48858662694692523,1,0.04488586626946926,11.238313405287608,3,none,0
209,54.8,23.52195943076164,0.0,1.0244293313473463,-0.24429331347346261,1,0.09244293313473462,10.404615298441772,3,none,0
210,54.8,23.623180897329007,0.0,1.0122146656736732,-0.1221466567367302,1,0.09122146656736732,10.235565809166449,3,none,0
211,54.8,23.744402363896373,0.0,1.2122146656736732,1.9999999999999996,3,0.06122146656736731,10.235093322789627,3,none,0
212,54.8,23.88562383046374,0.0,1.4122146656736732,1.9999999999999996,3,0.1312214665673673,8.627593160429123,3,none,0
213,54.8,24.024345297031108,0.0,1.3872146656736732,-0.2499999999999991,2,0.07872146656736732,8.544028615077078,3,none,0
214,54.8,24.160566763598474,0.0,1.3622146656736733,-0.2499999999999991,2,0.12622146656736732,8.404907035341555,3,none,0
215,54.8,24.291788230165842,0.0,1.3122146656736733,-0.5000000000000004,1,0.07122146656736732,8.709437201807843,3,none,0
216,54.8,24.44300969673321,0.0,1.5122146656736732,1.9999999999999996,3,0.09122146656736733,9.0666134444922,3,none,0
217,54.8,24.591731163300576,0.0,1.4872146656736733,-0.2499999999999991,2,0.08872146656736733,8.678154744778576,3,none,0
218,54.8,24.73795262986794,0.0,1.4622146656736734,-0.2499999999999991,2,0.13622146656736733,10.416097582053103,3,none,0
219,54.8,24.881674096435308,0.0,1.4372146656736735,-0.2499999999999991,2,0.13372146656736736,10.261736858564811,3,none,0
220,54.8,25.020395563002676,0.0,1.3872146656736735,-0.5000000000000004,1,0.07872146656736735,9.488958582831948,3,none,0
221,54.8,25.179117029570047,0.0,1.5872146656736734,1.9999999999999996,3,0.09872146656736734,9.841459731603193,3,none,0
222,54.8,25.335338496137418,0.0,1.5622146656736735,-0.2499999999999991,2,0.09622146656736734,9.142017399873351,3,none,0
223,54.8,25.451559962704778,0.0,1.1622146656736736,-3.999999999999999,4,-0.4437785334326326,11.914405523629643,3,none,0
224,54.8,25.565281429272147,0.0,1.1372146656736737,-0.2499999999999991,2,0.05372146656736736,21.038294175423474,3,none,0
225,54.8,25.699002895839513,0.0,1.3372146656736736,1.9999999999999996,3,0.07372146656736735,18.322103914488952,3,none,0
226,54.8,25.830224362406884,0.0,1.3122146656736735,-0.25000000000000133,2,0.07122146656736734,18.757560074635602,3,none,0
227,54.8,25.98144582897425,0.0,1.5122146656736735,1.9999999999999996,3,0.09122146656736733,16.340046049401742,3,none,0
228,54.8,26.127667295541613,0.0,1.4622146656736734,-0.5000000000000004,1,0.08622146656736733,16.71827852801924,3,none,0
229,54.8,26.27138876210898,0.0,1.4372146656736735,-0.2499999999999991,2,0.08372146656736736,17.00548954279182,3,none,0
230,54.8,26.43511022867635,0.0,1.6372146656736735,1.9999999999999996,3,0.10372146656736735,14.835967138609012,3,none,0
231,54.8,26.596331695243723,0.0,1.6122146656736733,-0.25000000000000133,2,0.10122146656736734,14.911795275178594,3,none,0
232,54.8,26.752553161811086,0.0,1.5622146656736733,-0.5000000000000004,1,0.09622146656736734,15.366341509525483,3,none,0
233,54.8,26.90377462837845,0.0,1.5122146656736732,-0.5000000000000004,1,0.14122146656736734,15.783886982595192,3,none,0
234,54.8,27.052496094945816,0.0,1.4872146656736733,-0.2499999999999991,2,0.08872146656736733,15.959289771999462,3,none,0
235,54.8,27.221217561513182,0.0,1.6872146656736733,1.9999999999999996,3,0.10872146656736732,13.97753854194757,3,none,0
236,54.8,27.36493902808055,0.0,1.4372146656736733,-2.5,0,0.08372146656736733,16.319051682992527,3,none,0
237,54.8,27.50616049464792,0.0,1.4122146656736732,-0.25000000000000133,2,0.0812214665673673,16.518207022939155,3,none,0
238,54.8,27.642381961215285,0.0,1.362214665673673,-0.5000000000000004,1,0.0762214665673673,17.028365479445643,3,none,0
239,54.8,27.77610342778265,0.0,1.337214665673673,-0.25000000000000133,2,0.07372146656736729,17.26383194324221,3,none,0
240,54.8,27.904824894350018,0.0,1.287214665673673,-0.5000000000000004,1,0.06872146656736729,17.635936552820365,3,none,0
241,54.8,28.028546360917385,0.0,1.2372146656736729,-0.5000000000000004,1,0.11372146656736729,18.47686131253032,3,none,0
242,54.8,28.14976782748475,0.0,1.212214665673673,-0.2499999999999991,2,0.06122146656736731,18.483870971523434,3,none,0
243,54.8,28.26598929405212,0.0,1.162214665673673,-0.5000000000000004,1,0.056221466567367304,18.563788582114142,3,none,0
244,54.8,28.37721076061949,0.0,1.1122146656736729,-0.5000000000000004,1,0.1012214665673673,19.35971382984878,3,none,0
245,54.8,28.485932227186854,0.0,1.087214665673673,-0.2499999999999991,2,0.0487214665673673,19.996722012523087,3,none,0
246,54.8,28.59029296047054,0.0,1.0436073328368365,-0.4360733283683649,1,0.04436073328368366,21.16747358023833,3,none,0
247,54.8,28.714653693754222,0.0,1.2436073328368364,1.9999999999999996,3,0.06436073328368365,17.89042632709068,3,none,0
248,54.8,28.836514427037905,0.0,1.2186073328368363,-0.25000000000000133,2,0.06186073328368362,17.923759839658505,3,none,0
249,54.8,28.953375160321585,0.0,1.1686073328368363,-0.5000000000000004,1,0.056860733283683615,18.75821834847539,3,none,0
250,54.8,29.065235893605273,0.0,1.1186073328368362,-0.5000000000000004,1,0.10186073328368361,18.21169268229255,3,none,0
251,54.8,29.174596626888956,0.0,1.0936073328368363,-0.2499999999999991,2,0.049360733283683636,19.61548117926286,3,none,0
252,54.8,29.279276993530797,0.0,1.0468036664184182,-0.46803666418418155,1,0.044680366641841815,20.384835244054756,3,none,0
253,54.8,29.38145736017264,0.0,1.021803666418418,-0.25000000000000133,2,0.04218036664184181,20.382488516140697,3,none,0
254,54.8,29.503637726814482,0.0,1.221803666418418,1.9999999999999996,3,0.0621803666418418,17.63960616694682,3,none,0
255,54.8,29.600818093456322,0.0,0.971803666418418,-2.5,0,0.03718036664184181,21.048713346968402,3,none,0
256,54.8,29.699408276777245,0.0,0.985901833209209,0.1409816679079101,1,0.03859018332092089,19.84068795751386,3,none,0
257,54.8,29.817998460098167,0.0,1.185901833209209,2.0000000000000004,3,0.058590183320920905,17.215883944494752,3,none,0
258,54.8,29.95658864341909,0.0,1.385901833209209,1.9999999999999996,3,0.1285901833209209,15.167891423309214,3,none,0
259,54.8,30.115178826740006,0.0,1.585901833209209,1.9999999999999996,3,0.1485901833209209,13.251810106727872,3,none,0
260,54.8,30.29376901006093,0.0,1.785901833209209,1.9999999999999996,3,0.1685901833209209,11.680505501682438,3,none,0
261,54.8,30.46985919338185,0.0,1.7609018332092088,-0.25000000000000133,2,0.11609018332092087,11.478304438843882,3,none,0
262,54.8,30.62094937670277,0.0,1.5109018332092088,-2.5,0,0.09109018332092088,13.33254185831312,3,none,0
263,54.8,30.74703956002369,0.0,1.2609018332092088,-2.5,0,0.11609018332092089,15.948763332881354,3,none,0
264,54.8,30.870629743344615,0.0,1.2359018332092089,-0.2499999999999991,2,0.06359018332092088,16.33129101175338,3,none,0
265,54.8,30.991719926665535,0.0,1.210901833209209,-0.2499999999999991,2,0.11109018332092091,16.148609583708367,3,none,0
266,54.8,31.11031010998646,0.0,1.185901833209209,-0.2499999999999991,2,0.10859018332092091,16.067223451335444,3,none,0
267,54.8,31.203900293307377,0.0,0.935901833209209,-2.5,0,0.03359018332092091,20.096024908793,3,none,0
268,54.8,31.317490476628297,0.0,1.135901833209209,1.9999999999999996,3,0.0535901833209209,17.049665266782213,3,none,0
269,54.8,31.426080659949218,0.0,1.085901833209209,-0.5000000000000004,1,0.048590183320920896,16.634991317708817,3,none,0
270,54.8,31.554670843270138,0.0,1.285901833209209,1.9999999999999996,3,0.06859018332092089,14.80744172183609,3,none,0
271,54.8,31.65826102659106,0.0,1.035901833209209,-2.5,0,0.04359018332092089,18.273904426558317,3,none,0
272,54.8,31.75935120991198,0.0,1.0109018332092088,-0.25000000000000133,2,0.04109018332092089,18.339074767657166,3,none,0
273,54.8,31.880441393232896,0.0,1.2109018332092087,1.9999999999999996,3,0.06109018332092088,15.006076146981227,3,none,0
274,54.8,32.02153157655382,0.0,1.4109018332092087,1.9999999999999996,3,0.13109018332092087,13.425181371367893,3,none,0
275,54.8,32.18262175987474,0.0,1.6109018332092087,1.9999999999999996,3,0.15109018332092086,11.894399512957223,3,none,0
276,54.8,32.36371194319566,0.0,1.8109018332092086,1.9999999999999996,3,0.17109018332092085,10.088778296784488,3,none,0
277,54.8,32.56480212651658,0.0,2.010901833209209,2.0000000000000018,3,0.19109018332092087,9.154215442724183,3,none,0
278,54.8,32.763392309837506,0.0,1.9859018332092089,-0.2499999999999991,2,0.13859018332092088,9.368843185145144,3,none,0
279,54.8,32.95698249315843,0.0,1.9359018332092088,-0.5000000000000004,1,0.13359018332092087,9.185056028383983,3,none,0
280,54.8,33.14557267647935,0.0,1.8859018332092088,-0.5000000000000004,1,0.1785901833209209,9.25369735104628,3,none,0
281,54.8,33.32916285980027,0.0,1.8359018332092087,-0.5000000000000004,1,0.17359018332092088,9.829119676394647,3,none,0
282,54.8,33.50775304312119,0.0,1.7859018332092087,-0.5000000000000004,1,0.16859018332092088,9.82924725553911,3,none,0
283,54.8,33.683843226442114,0.0,1.7609018332092088,-0.2499999999999991,2,0.11609018332092087,10.013306851404149,3,none,0
284,54.8,33.879933409763034,0.0,1.9609018332092087,1.9999999999999996,3,0.13609018332092088,8.624994613646361,3,none,0
285,54.8,34.073523593083955,0.0,1.9359018332092086,-0.25000000000000133,2,0.13359018332092087,8.67526395613837,3,none,0
286,54.8,34.262113776404874,0.0,1.8859018332092086,-0.5000000000000004,1,0.12859018332092087,8.687776931273293,3,none,0
287,54.8,34.448203959725795,0.0,1.8609018332092084,-0.25000000000000133,2,0.12609018332092087,8.943394338131373,3,none,0
288,54.8,34.63179414304672,0.0,1.8359018332092085,-0.2499999999999991,2,0.17359018332092085,9.136755266710447,3,none,0
289,54.8,34.81038432636764,0.0,1.7859018332092085,-0.5000000000000004,1,0.11859018332092085,8.892914520240726,3,none,0
290,54.8,34.98647450968856,0.0,1.7609018332092083,-0.25000000000000133,2,0.11609018332092085,9.220491884963167,3,none,0
291,54.8,35.12256469300949,0.0,1.3609018332092084,-3.999999999999999,4,-0.4239098166790792,11.824451925793861,3,none,0
292,54.8,35.218654876330405,0.0,0.9609018332092084,-4.0,4,-0.41390981667907917,15.899458148727476,3,none,0
293,54.8,35.316699967990864,0.0,0.9804509166046043,0.1954908339539585,1,0.038045091660460426,15.791085713895605,3,none,0
294,54.8,35.412245059651326,0.0,0.9554509166046042,-0.2500000000000002,2,0.03554509166046042,15.675229489331205,3,none,0
295,54.8,35.51001760548156,0.0,0.9777254583023021,0.22274541697697825,1,0.037772545830230195,14.985179846575992,3,none,0
296,54.8,35.627790151311785,0.0,1.177725458302302,1.9999999999999996,3,0.05777254583023021,12.58298915787166,3,none,0
297,54.8,35.743062697142015,0.0,1.152725458302302,-0.2499999999999991,2,0.05527254583023021,12.948856921566557,3,none,0
298,54.8,35.87833524297225,0.0,1.352725458302302,1.9999999999999996,3,0.0752725458302302,11.283556354777545,3,none,0
299,54.8,35.973607788802475,0.0,0.952725458302302,-4.0,4,-0.4647274541697698,14.621099803043165,3,none,0
300,54.8,36.07124406171759,0.0,0.976362729151151,0.23637270848848924,1,0.03763627291511511,14.661964638702667,3,none,0
301,54.8,36.166380334632706,0.0,0.9513627291511509,-0.2500000000000002,2,0.035136272915115105,15.078299073977343,3,none,0
302,54.8,36.25901660754782,0.0,0.9263627291511509,-0.2500000000000002,2,0.0826362729151151,14.865097790066038,3,none,0
303,54.8,36.34915288046294,0.0,0.9013627291511509,-0.2500000000000002,2,0.0801362729151151,14.600760022599772,3,none,0
304,54.8,36.44178915337805,0.0,0.9263627291511509,0.2500000000000002,1,0.0326362729151151,15.49662572167108,3,none,0
305,54.8,36.55442542629317,0.0,1.1263627291511509,1.9999999999999996,3,0.05263627291511509,12.079964846161602,3,none,0
306,54.8,36.66206169920829,0.0,1.0763627291511508,-0.5000000000000004,1,0.04763627291511509,13.059009754019693,3,none,0
307,54.8,36.7896979721234,0.0,1.2763627291511508,1.9999999999999996,3,0.06763627291511508,11.046097744452146,3,none,0
308,54.8,36.912334245038515,0.0,1.2263627291511507,-0.5000000000000004,1,0.06263627291511507,11.441512279267739,3,none,0
309,54.8,36.99497051795363,0.0,0.8263627291511507,-4.0,4,-0.4773637270848849,15.95104203291202,3,none,0
310,54.8,37.08010679086875,0.0,0.8513627291511507,0.2500000000000002,1,0.025136272915115068,15.257070277412081,3,none,0
311,54.8,37.185243063783865,0.0,1.0513627291511507,1.9999999999999996,3,0.04513627291511506,12.548523996642574,3,none,0
312,54.8,37.28781120024142,0.0,1.0256813645755753,-0.2568136457557535,1,0.04256813645755754,13.31188903574827,3,none,0
313,54.8,37.38787933669898,0.0,1.0006813645755752,-0.25000000000000133,2,0.04006813645755751,12.633520309008569,3,none,0
314,54.8,37.507947473156534,0.0,1.2006813645755752,1.9999999999999996,3,0.06006813645755753,10.651303848551303,3,none,0
315,54.8,37.60301560961409,0.0,0.9506813645755752,-2.5,0,0.035068136457557506,13.39968179616913,3,none,0
316,54.8,37.70054967784287,0.0,0.9753406822877876,0.24659317712212414,1,0.037534068228778764,12.743643617597785,3,none,0
317,54.8,37.81808374607165,0.0,1.1753406822877877,2.0000000000000004,3,0.057534068228778754,10.936507204369065,3,none,0
318,54.8,37.95561781430043,0.0,1.3753406822877876,1.9999999999999996,3,0.12753406822877875,9.51891414404108,3,none,0
319,54.8,38.08815188252921,0.0,1.3253406822877876,-0.5000000000000004,1,0.07253406822877874,9.955423959178205,3,none,0
320,54.8,38.19568595075799,0.0,1.0753406822877876,-2.5,0,0.047534068228778745,11.253334995371445,3,none,0
321,54.8,38.26322001898677,0.0,0.6753406822877875,-4.0,4,-0.4924659317712212,16.55473313671238,3,none,0
322,54.8,38.32825408721555,0.0,0.6503406822877875,-0.2500000000000002,2,0.0050340682287787555,15.719819091545599,3,none,0
323,54.8,38.41328815544433,0.0,0.8503406822877875,1.9999999999999996,3,0.025034068228778752,13.894121597959254,3,none,0
324,54.8,38.5183222236731,0.0,1.0503406822877874,1.9999999999999996,3,0.09503406822877875,11.32172184674428,3,none,0
325,54.8,38.62085629190188,0.0,1.0253406822877875,-0.2499999999999991,2,0.04253406822877874,11.327922840144021,3,none,0
326,54.8,38.722123326016266,0.0,1.0126703411438938,-0.1267034114389376,1,0.04126703411438938,11.93003540776044,3,none,0
327,54.8,38.82275684307346,0.0,1.0063351705719468,-0.06335170571946991,1,0.09063351705719469,11.900049438318156,3,none,0
328,54.8,38.92307360160206,0.0,1.0031675852859734,-0.031675852859733844,1,0.09031675852859733,11.8902083278219,3,none,0
329,54.8,39.02089036013066,0.0,0.9781675852859734,-0.2500000000000002,2,0.037816758528597325,11.56422503263149,3,none,0
330,54.8,39.11979873939496,0.0,0.9890837926429867,0.10916207357013374,1,0.03890837926429867,11.982356565144357,3,none,0
331,54.8,39.216207118659256,0.0,0.9640837926429867,-0.2500000000000002,2,0.03640837926429867,11.651154669912623,3,none,0
332,54.8,39.27261549792355,0.0,0.5640837926429867,-4.0,4,-0.5035916207357013,16.07614475087018,3,none,0
333,54.8,39.33152387718785,0.0,0.5890837926429867,0.2500000000000002,1,-0.0010916207357013277,15.99160012789404,3,none,0
334,54.8,39.387932256452146,0.0,0.5640837926429867,-0.2500000000000002,2,-0.00359162073570133,15.791724395970073,3,none,0
335,54.8,39.441840635716446,0.0,0.5390837926429867,-0.2500000000000002,2,0.04390837926429867,15.036087538145997,3,none,0
336,54.8,39.49824901498074,0.0,0.5640837926429867,0.2500000000000002,1,-0.00359162073570133,16.176504044806258,3,none,0
337,54.8,39.574657394245044,0.0,0.7640837926429866,1.9999999999999996,3,0.016408379264298653,13.293389866603228,3,none,0
338,54.8,39.67106577350934,0.0,0.9640837926429866,1.9999999999999996,3,0.08640837926429867,11.492498524947498,3,none,0
339,54.8,39.76926996314149,0.0,0.9820418963214933,0.17958103678506698,1,0.03820418963214932,10.847972147561565,3,none,0
340,54.8,39.868372057957565,0.0,0.9910209481607466,0.08979051839253294,1,0.08910209481607467,10.829159749536538,3,none,0
341,54.8,39.94247415277364,0.0,0.7410209481607466,-2.5,0,0.014102094816074648,12.241182767041234,3,none,0
342,54.8,40.036576247589714,0.0,0.9410209481607466,1.9999999999999996,3,0.034102094816074666,11.171642906220015,3,none,0
343,54.8,40.13317834240579,0.0,0.9660209481607466,0.2500000000000002,1,0.03660209481607467,10.186396808395902,3,none,0
344,54.8,40.227280437221864,0.0,0.9410209481607466,-0.2500000000000002,2,0.034102094816074666,10.505752622395134,3,none,0
345,54.8,40.31888253203794,0.0,0.9160209481607465,-0.2500000000000002,2,0.08160209481607467,11.054335310560619,3,none,0
346,54.8,40.41298462685401,0.0,0.9410209481607466,0.2500000000000002,1,0.034102094816074666,10.23082704876623,3,none,0
347,54.8,40.467086721670086,0.0,0.5410209481607465,-4.0,4,-0.5058979051839254,14.058678550629296,3,none,0
348,54.8,40.54118881648616,0.0,0.7410209481607466,2.0000000000000004,3,0.014102094816074648,11.788875041902019,3,none,0
349,54.8,40.61779091130224,0.0,0.7660209481607466,0.2500000000000002,1,0.01660209481607465,11.802913315871072,3,none,0
350,54.8,40.69689300611831,0.0,0.7910209481607466,0.2500000000000002,1,0.06910209481607466,11.026596090152296,3,none,0
351,54.8,40.795995100934384,0.0,0.9910209481607466,1.9999999999999996,3,0.03910209481607467,9.670435507192503,3,none,0
352,54.8,40.915097195750455,0.0,1.1910209481607466,1.9999999999999996,3,0.10910209481607466,8.336574983009198,3,none,0
353,54.8,41.03169929056653,0.0,1.1660209481607464,-0.25000000000000133,2,0.05660209481607463,7.786545101896175,3,none,0
354,54.8,41.168301385382605,0.0,1.3660209481607464,1.9999999999999996,3,0.07660209481607462,6.866764739514104,3,none,0
355,54.8,41.30240348019868,0.0,1.3410209481607462,-0.25000000000000133,2,0.07410209481607462,6.6257389201827035,3,none,0
356,54.8,41.43400557501475,0.0,1.3160209481607463,-0.2499999999999991,2,0.12160209481607462,6.996585205936942,3,none,0
357,54.8,41.58560766983083,0.0,1.5160209481607463,1.9999999999999996,3,0.09160209481607463,5.614544217446018,3,none,0
358,54.8,41.7347097646469,0.0,1.4910209481607462,-0.25000000000000133,2,0.0891020948160746,6.006865395211961,3,none,0
359,54.8,41.881311859462976,0.0,1.4660209481607462,-0.2499999999999991,2,0.13660209481607463,5.751449621832804,3,none,0
360,54.8,42.02291395427905,0.0,1.4160209481607462,-0.5000000000000004,1,0.08160209481607462,6.123108524925724,3,none,0
361,54.8,42.16201604909512,0.0,1.391020948160746,-0.25000000000000133,2,0.0791020948160746,6.007175926710089,3,none,0
362,54.8,42.2986181439112,0.0,1.3660209481607462,-0.2499999999999991,2,0.12660209481607462,6.016535945380067,3,none,0
363,54.8,42.41022023872728,0.0,1.1160209481607462,-2.5,0,0.051602094816074626,7.430647791494144,3,none,0
364,54.8,42.51932233354335,0.0,1.0910209481607462,-0.2499999999999991,2,0.04910209481607462,7.062272726828601,3,none,0
365,54.8,42.64842442835943,0.0,1.2910209481607462,1.9999999999999996,3,0.06910209481607461,6.127762830359084,3,none,0
366,54.8,42.7725265231755,0.0,1.2410209481607462,-0.5000000000000004,1,0.06410209481607461,6.199411695154269,3,none,0
367,54.8,42.894128617991576,0.0,1.2160209481607462,-0.2499999999999991,2,0.061602094816074635,6.472649714687215,3,none,0
368,54.8,43.03573071280765,0.0,1.4160209481607462,1.9999999999999996,3,0.08160209481607462,5.4048972671831725,3,none,0
369,54.8,43.197332807623724,0.0,1.6160209481607462,1.9999999999999996,3,0.15160209481607462,4.217181052105097,3,none,0
370,54.8,43.378934902439795,0.0,1.816020948160746,1.9999999999999996,3,0.1716020948160746,3.544000478737585,3,none,0
371,54.8,43.55803699725587,0.0,1.791020948160746,-0.25000000000000133,2,0.1191020948160746,3.6235142407641034,3,none,0
372,54.8,43.71213909207194,0.0,1.541020948160746,-2.5,0,0.09410209481607461,4.395220476999976,3,none,0
373,54.8,43.86374118688802,0.0,1.516020948160746,-0.2499999999999991,2,0.0916020948160746,4.526001829238792,3,none,0
374,54.8,44.01284328170409,0.0,1.4910209481607462,-0.2499999999999991,2,0.1391020948160746,4.481782268133428,3,none,0
375,54.8,44.15694537652017,0.0,1.441020948160746,-0.5000000000000004,1,0.0841020948160746,4.272229707607213,3,none,0
376,54.8,44.296047471336244,0.0,1.391020948160746,-0.5000000000000004,1,0.1291020948160746,4.463476700416891,3,none,0
377,54.8,44.43264956615232,0.0,1.3660209481607462,-0.2499999999999991,2,0.07660209481607462,4.665520707054078,3,none,0
378,54.8,44.56675166096839,0.0,1.3410209481607462,-0.2499999999999991,2,0.12410209481607462,4.781751604505884,3,none,0
379,54.8,44.72085375578447,0.0,1.5410209481607462,1.9999999999999996,3,0.09410209481607461,3.691078486390039,3,none,0
380,54.8,44.894955850600546,0.0,1.7410209481607462,1.9999999999999996,3,0.16410209481607463,3.154463591521753,3,none,0
381,54.8,45.08905794541662,0.0,1.941020948160746,1.9999999999999996,3,-2.8158979051839252,2.517787343124793,3,none,0
382,54.8,45.280660040232696,0.0,1.916020948160746,-0.25000000000000133,2,-2.868397905183925,2.358898354494002,3,none,0
383,54.8,45.49226213504877,0.0,2.116020948160746,2.0000000000000018,3,-2.8483979051839254,2.0742995325640714,3,none,0
384,54.8,45.70136422986484,0.0,2.0910209481607462,-0.2499999999999991,2,-2.8508979051839254,1.8571966036717058,3,none,0
385,54.8,45.905466324680916,0.0,2.041020948160746,-0.5000000000000027,1,-2.8558979051839253,1.974082054994713,3,none,0
386,54.8,46.12956841949699,0.0,2.241020948160746,2.0000000000000018,3,-2.8358979051839253,1.4572843343410995,3,none,0
387,54.8,46.35117051431307,0.0,2.2160209481607462,-0.2499999999999991,2,-2.838397905183925,1.3730176153607214,3,none,0
388,54.8,46.56777260912914,0.0,2.166020948160746,-0.5000000000000027,1,-2.843397905183925,1.5109912591211492,3,none,0
389,54.8,46.78187470394522,0.0,2.141020948160746,-0.2499999999999991,2,-2.845897905183925,1.4528470290234958,3,none,0
390,54.8,46.99347679876129,0.0,2.116020948160746,-0.2499999999999991,2,-2.7983979051839256,1.3654906096149424,3,none,0
391,54.8,47.20257889357737,0.0,2.0910209481607462,-0.2499999999999991,2,-2.8008979051839256,1.2011090566612155,3,none,0
392,54.8,47.409180988393445,0.0,2.0660209481607463,-0.2499999999999991,2,-2.8033979051839255,1.1990019778671173,3,none,0
393,54.8,47.61078308320952,0.0,2.0160209481607465,-0.4999999999999982,1,-2.8583979051839252,1.2947936313226476,3,none,0
394,54.8,47.80738517802559,0.0,1.9660209481607465,-0.5000000000000004,1,-2.8133979051839253,1.2611665498974487,3,none,0
395,54.8,48.001487272841665,0.0,1.9410209481607463,-0.25000000000000133,2,-2.865897905183925,1.1450873238376937,3,none,0
396,54.8,48.21558936765774,0.0,2.1410209481607465,2.0000000000000018,3,-2.845897905183925,0.7902348394736314,3,none,0
397,54.8,48.404691462473814,0.0,1.8910209481607465,-2.5,0,-2.8708979051839254,1.1039561330323313,3,none,0
398,54.8,48.61379355728989,0.0,2.0910209481607467,2.0000000000000018,3,-2.850897905183925,0.7176047017447141,3,none,0
399,54.8,48.81789565210596,0.0,2.041020948160747,-0.4999999999999982,1,-2.8558979051839253,0.7043401620831511,3,none,0
400,54.8,49.041997746922036,0.0,2.241020948160747,2.0000000000000018,3,-2.8358979051839253,0.31418781989888656,3,none,0
401,54.826219369156696,49.28422556749576,0.006557821114002272,2.441020948160747,2.0000000000000018,3,-2.7658979051839254,0.0030272223017128387,3,none,0
402,54.859906158095214,49.520919584511134,0.014991467229158674,2.3910209481607474,-0.4999999999999982,1,-2.820897905183925,0.0,3,none,0
403,54.892888503415946,49.752663958212054,0.023256545300498477,2.3410209481607476,-0.4999999999999982,1,-2.775897905183925,0.0,3,none,0
404,54.92516640511889,49.97945868859853,0.03135147712474251,2.2910209481607477,-0.4999999999999982,1,-2.780897905183925,0.0,3,none,0
405,54.96026208129298,50.226051992242795,0.040158997181847685,2.491020948160748,2.0000000000000018,3,-2.810897905183925,0.0,3,none,0
406,54.994653313849284,50.46769565257261,0.04879444108606679,2.441020948160748,-0.4999999999999982,1,-2.815897905183925,0.0,3,none,0
407,55.0286923245967,50.706864491245206,0.05734476456330007,2.416020948160748,-0.2499999999999991,2,-2.818397905183925,0.0,3,none,0
408,55.062379113535215,50.94355850826057,0.06580863557053518,2.3910209481607483,-0.2499999999999991,2,-2.7708979051839253,0.0,3,none,0
409,55.09888367694487,51.200051098533734,0.0749813381891209,2.5910209481607485,2.0000000000000018,3,-2.800897905183925,0.0,3,none,0
410,55.13468379673675,51.45159404549245,0.08397644969580642,2.5410209481607486,-0.4999999999999982,1,-2.805897905183925,0.0,3,none,0
411,55.16977947291084,51.69818734913672,0.09279259156020615,2.491020948160749,-0.4999999999999982,1,-2.760897905183925,0.0,3,none,0
412,55.26825783634809,51.917096393913496,0.11804376134488415,2.441020948160749,-0.4999999999999982,1,-2.765897905183925,0.13992184096488516,3,none,0
413,55.4041242245827,52.143540374304514,0.15326768846799443,2.641020948160749,2.0000000000000018,3,-2.795897905183925,0.17850237381928036,3,none,0
414,55.519412754344934,52.33568792390823,0.18339090504423058,2.2410209481607493,-3.999999999999999,4,-3.335897905183925,0.5145897463820879,3,none,0
415,55.62184012256193,52.50640020426989,0.21028881300720803,1.9910209481607493,-2.5,0,-2.8608979051839247,0.749171953311608,3,none,0
416,55.70368963230654,52.64281605384424,0.23184751770354242,1.5910209481607493,-3.999999999999999,4,-3.4008979051839248,1.0662374542433233,3,none,0
417,55.78425302589663,52.77708837649438,0.25310262000859485,1.5660209481607494,-0.2499999999999991,2,-2.9033979051839247,1.2062651986540205,3,none,0
418,55.87510534872291,52.928508914538185,0.2753888630761312,1.7660209481607494,1.9999999999999996,3,-2.8833979051839247,1.0497513323301197,3,none,0
419,55.964671555394666,53.07778592565778,0.2929347424531028,1.7410209481607493,-0.25000000000000133,2,-2.885897905183925,1.1393379149654188,3,none,0
420,56.06452669130261,53.24421115217102,0.3125306158573327,1.9410209481607492,1.9999999999999996,3,-2.865897905183925,1.0072058276127427,3,none,0
421,56.151520665665316,53.3892011094422,0.32962088190078687,1.6910209481607492,-2.5,0,-2.890897905183925,1.2123252245150757,3,none,0
422,56.237228523873505,53.53204753978917,0.3464649773874051,1.666020948160749,-0.25000000000000133,2,-2.893397905183925,1.2595173501346566,3,none,0
423,56.32274790108932,53.67165449542028,0.3634142606771191,1.6410209481607492,-0.2499999999999991,2,-2.845897905183925,1.3168047193932748,3,none,0
424,56.48045312454739,53.766607902214396,0.403073850921017,1.8410209481607491,1.9999999999999996,3,-2.875897905183925,1.1628045006120007,3,none,0
425,56.65529071400223,53.871876607907105,0.44772336792232786,2.041020948160749,1.9999999999999996,3,-2.805897905183925,1.048771771250014,3,none,0
426,56.82798675770747,53.97585590123748,0.49237422301964506,2.016020948160749,-0.2499999999999991,2,-2.858397905183925,1.0518377867854092,3,none,0
427,56.99854125566311,54.07854578220554,0.5368388499297103,1.9910209481607493,-0.2499999999999991,2,-2.810897905183925,1.0579331815927626,3,none,0
428,57.13483102162522,54.16060506537644,0.5725167498053162,1.5910209481607493,-3.999999999999999,4,-3.4008979051839248,1.2775122375880519,3,none,0
429,57.26897924183772,54.24137493618502,0.6076658157456383,1.5660209481607494,-0.2499999999999991,2,-2.9033979051839247,1.2721271420030782,3,none,0
430,57.420259828046994,54.332460105892174,0.647232685985486,1.7660209481607494,1.9999999999999996,3,-2.8833979051839247,1.0966747159148684,3,none,0
431,57.58867278025304,54.433860574497906,0.6910472405939039,1.9660209481607493,1.9999999999999996,3,-2.8133979051839253,0.9719756580161265,3,none,0
432,57.754944186709494,54.53397163074132,0.733908721757687,1.9410209481607494,-0.2499999999999991,2,-2.865897905183925,0.9079326297825653,3,none,0
433,57.91907404741635,54.63279327462241,0.7680260097502847,1.9160209481607495,-0.2499999999999991,2,-2.818397905183925,0.8506442536677328,3,none,0
434,58.08106236237361,54.73032550614118,0.7915848712784684,1.8910209481607496,-0.2499999999999991,2,-2.820897905183925,0.7988967714477366,3,none,0
435,58.2216352198349,54.81496361403672,0.8120238421241023,1.6410209481607496,-2.5,0,-2.895897905183925,0.8639445740186067,3,none,0
436,58.38030800495959,54.841392150518594,0.8465543761831928,1.6160209481607497,-0.2499999999999991,2,-2.898397905183925,0.7859770612219293,3,none,0
437,58.53780772894379,54.86380784157252,0.8817966540131119,1.5910209481607498,-0.2499999999999991,2,-2.850897905183925,0.696915372100497,3,none,0
438,58.67055923635576,54.88270131453753,0.9117058084904438,1.3410209481607498,-2.5,0,-2.9258979051839247,0.7368474819975611,3,none,0
439,58.8008359221105,54.90124256569363,0.9411858063075784,1.3160209481607499,-0.2499999999999991,2,-2.9283979051839246,0.6496601350028944,3,none,0
440,58.9261629645508,54.91907937323195,0.969618326721178,1.2660209481607498,-0.5000000000000004,1,-2.933397905183925,0.6065561024424988,3,none,0
441,59.049015185333865,54.93656395896137,0.9975137177446126,1.2410209481607497,-0.25000000000000133,2,-2.935897905183925,0.5388218692114436,3,none,0
442,59.169392584459715,54.95369632288191,1.024828454609861,1.2160209481607498,-0.2499999999999991,2,-2.888397905183925,0.5067134237412062,3,none,0
443,59.30956855684335,54.97364646127359,1.056557984590031,1.4160209481607497,1.9999999999999996,3,-2.918397905183925,0.46496348234614715,3,none,0
444,59.44726970756976,54.99324437785637,1.0875876810869807,1.3910209481607496,-0.25000000000000133,2,-2.920897905183925,0.41568252880706524,3,none,0
445,59.60476943155397,55.01566006891031,1.1228338593684069,1.5910209481607496,1.9999999999999996,3,-2.9008979051839248,0.3384707969525151,3,none,0
446,59.782067728795965,55.040893534435384,1.1620982400640496,1.7910209481607495,1.9999999999999996,3,-2.830897905183925,0.28779040601890765,3,none,0
447,59.954416382723515,55.065422556342675,1.1997458204174802,1.7410209481607495,-0.5000000000000004,1,-2.885897905183925,0.2598261219661683,3,none,0
448,60.124290214993835,55.08959935644107,1.2203571780664444,1.7160209481607493,-0.25000000000000133,2,-2.888397905183925,0.2511477995549355,3,none,0
449,60.29168922560694,55.11342393473058,1.2375218635188148,1.6910209481607494,-0.2499999999999991,2,-2.840897905183925,0.25883271516130013,3,none,0
450,60.45661341456282,55.13689629121119,1.254428002019986,1.6660209481607495,-0.2499999999999991,2,-2.843397905183925,0.27790756656797194,3,none,0
451,60.619062781861466,55.16001642588291,1.2710663708299257,1.6410209481607496,-0.2499999999999991,2,-2.845897905183925,0.2859521696578357,3,none,0
452,60.776562505845675,55.18243211693684,1.287175728340552,1.5910209481607496,-0.5000000000000004,1,-2.9008979051839248,0.3210144171818192,3,none,0
453,60.931908772174,55.2,1.3041275261284162,1.5660209481607494,-0.25000000000000133,2,-2.9033979051839247,0.35297424696511137,3,none,0
454,61.10851086699007,55.2,1.3281789239048505,1.7660209481607494,1.9999999999999996,3,-2.8833979051839247,0.34885131100731026,3,none,0
455,61.28261296180615,55.2,1.3518577022389344,1.7410209481607493,-0.25000000000000133,2,-2.885897905183925,0.41157688878186144,3,none,0
456,61.431715056622224,55.2,1.3720908863441368,1.4910209481607493,-2.5,0,-2.910897905183925,0.4906473010489974,3,none,0
457,61.5783171514383,55.2,1.391927151470699,1.4660209481607493,-0.2499999999999991,2,-2.913397905183925,0.5575139769091739,3,none,0
458,61.71991924625438,55.2,1.4110181613826678,1.4160209481607493,-0.5000000000000004,1,-2.918397905183925,0.6020041110073987,3,none,0
459,61.85902134107045,55.2,1.4296931654432654,1.3910209481607492,-0.25000000000000133,2,-2.920897905183925,0.7794232650422015,3,none,0
460,62.01812343588652,55.2,1.4509412478859152,1.5910209481607491,1.9999999999999996,3,-2.9008979051839248,0.7433451262891816,3,none,0
461,62.197225530702596,55.2,1.4746958258891263,1.791020948160749,1.9999999999999996,3,-2.830897905183925,0.7643904036513246,3,none,0
462,62.39632762551867,55.2,1.4822839716332754,1.991020948160749,1.9999999999999996,3,-2.810897905183925,0.8062454340867113,3,none,0
463,62.59292972033475,55.2,1.4892427830983033,1.966020948160749,-0.25000000000000133,2,-2.863397905183925,0.8866493290823325,3,none,0
464,62.80953181515083,55.2,1.4969106191248138,2.166020948160749,2.0000000000000018,3,-2.843397905183925,0.8861354859818367,3,none,0
465,63.0211339099669,55.2,1.5044017455064245,2.116020948160749,-0.5000000000000027,1,-2.848397905183925,0.811226881787238,3,none,0
466,63.230236004782974,55.2,1.5118038225396773,2.091020948160749,-0.2499999999999991,2,-2.850897905183925,0.7215711387207424,3,none,0
467,63.41433809959905,55.2,1.5183198207151631,1.841020948160749,-2.5,0,-2.875897905183925,0.7352456840398275,3,none,0
468,63.59344019441512,55.2,1.5246573179045466,1.7910209481607489,-0.5000000000000004,1,-2.8808979051839247,0.6419439483526206,3,none,0
469,63.7925422892312,55.2,1.5317001116017483,1.9910209481607488,1.9999999999999996,3,-2.8608979051839247,0.528459380754689,3,none,0
470,63.986644384047274,55.2,1.53856296605396,1.9410209481607488,-0.5000000000000004,1,-2.865897905183925,0.4412794228726389,3,none,0
471,64.17824647886334,55.2,1.5453338160300045,1.9160209481607486,-0.25000000000000133,2,-2.868397905183925,0.3766153824528353,3,none,0
472,64.34484857367943,55.2,1.5512178148834945,1.6660209481607486,-2.5,0,-2.893397905183925,0.3558744466534779,3,none,0
473,64.5064506684955,55.2,1.5569218023760825,1.6160209481607486,-0.5000000000000004,1,-2.898397905183925,0.2861564184690092,3,none,0
474,64.66305276331157,55.2,1.5624457404458192,1.5660209481607485,-0.5000000000000004,1,-2.8533979051839253,0.2233756879518561,3,none,0
475,64.81715485812765,55.2,1.5678777397182888,1.5410209481607486,-0.2499999999999991,2,-2.905897905183925,0.16804714681036945,3,none,0
476,64.93125695294373,55.2,1.5707963267948966,1.1410209481607487,-3.999999999999999,4,-3.445897905183925,0.15296924057541608,3,none,0
477,65.0403590477598,55.2,1.5707963267948966,1.0910209481607487,-0.5000000000000004,1,-2.950897905183925,0.10509999137729559,3,none,0
478,65.16946114257587,55.2,1.5707963267948966,1.2910209481607486,1.9999999999999996,3,-2.930897905183925,0.05070261400232561,3,none,0
479,65.29606323739195,55.2,1.5707963267948966,1.2660209481607487,-0.2499999999999991,2,-2.933397905183925,0.015929742007816633,3,none,0
480,65.42016533220803,55.2,1.5707963267948966,1.2410209481607488,-0.2499999999999991,2,-22.885897905183924,0.0,3,none,1
