# scenario=1b, ego_maneuver=stem_right, seed=3089, episode_idx=47, terminal_step=422, collision_agent_id=unknown
step,ego_x,ego_y,ego_psi,ego_v,ego_a,action,reward,min_ttc,n_agents,collision_agent_id,terminal_flag
0,54.8,4.119999999999999,0.0,0.2,2.0,3,0.0700000000000307,10.0,0,none,0
1,54.8,4.159999999999999,0.0,0.4,2.0,3,0.14999999999997612,10.0,0,none,0
2,54.8,4.219999999999999,0.0,0.6000000000000001,2.0000000000000004,3,0.23000000000000684,10.0,0,none,0
3,54.8,4.299999999999999,0.0,0.8,1.9999999999999996,3,0.3099999999999949,10.0,0,none,0
4,54.8,4.399999999999999,0.0,1.0,1.9999999999999996,3,0.39000000000002555,10.0,0,none,0
5,54.8,4.519999999999999,0.0,1.2,1.9999999999999996,3,0.469999999999971,10.0,0,none,0
6,54.8,4.659999999999998,0.0,1.4,1.9999999999999996,3,0.5500000000000017,10.0,0,none,0
7,54.8,4.8199999999999985,0.0,1.5999999999999999,1.9999999999999996,3,0.6299999999999898,10.0,0,none,0
8,54.8,4.999999999999998,0.0,1.7999999999999998,1.9999999999999996,3,0.7100000000000204,10.0,0,none,0
9,54.8,5.199999999999998,0.0,1.9999999999999998,1.9999999999999996,3,0.7899999999999658,27.367678239102972,1,none,0
10,54.8,5.419999999999998,0.0,2.1999999999999997,1.9999999999999996,3,0.8699999999999966,22.781641313617563,1,none,0
11,54.8,5.659999999999998,0.0,2.4,2.0000000000000018,3,0.9500000000000273,20.535473738284633,1,none,0
12,54.8,5.919999999999998,0.0,2.6,2.0000000000000018,3,1.0299999999999727,19.007758896447076,1,none,0
13,54.8,6.1999999999999975,0.0,2.8000000000000003,2.0000000000000018,3,1.1100000000000034,17.60727145877139,1,none,0
14,54.8,6.499999999999998,0.0,3.0000000000000004,2.0000000000000018,3,1.1900000000000341,16.048611260691597,1,none,0
15,54.8,6.8199999999999985,0.0,3.2000000000000006,2.0000000000000018,3,1.2699999999999796,15.11348878518363,1,none,0
16,54.8,7.159999999999998,0.0,3.400000000000001,2.0000000000000018,3,1.3500000000000103,14.026607003842384,1,none,0
17,54.8,7.519999999999999,0.0,3.600000000000001,2.0000000000000018,3,1.4299999999999984,13.09929327836046,1,none,0
18,54.8,7.899999999999999,0.0,3.800000000000001,2.0000000000000018,3,1.510000000000029,12.287426704830748,1,none,0
19,54.8,8.299999999999999,0.0,4.000000000000001,1.9999999999999973,3,1.5899999999999745,11.469861333456278,1,none,0
20,54.8,8.719999999999999,0.0,4.200000000000001,2.0000000000000018,3,1.6700000000000053,10.743792222958065,1,none,0
21,54.8,9.159999999999998,0.0,4.400000000000001,2.0000000000000018,3,1.7499999999999933,10.240177825700766,1,none,0
22,54.8,9.62,0.0,4.600000000000001,2.0000000000000018,3,1.830000000000024,9.570983965197632,1,none,0
23,54.8,10.1,0.0,4.800000000000002,2.0000000000000018,3,1.9099999999999695,9.079137996354634,2,none,0
24,54.8,10.6,0.0,5.000000000000002,2.0000000000000018,3,1.9900000000000002,8.553870771038818,2,none,0
25,54.8,11.12,0.0,5.200000000000002,2.0000000000000018,3,2.070000000000031,8.1000253225232,2,none,0
26,54.8,11.6,0.0,4.8000000000000025,-3.9999999999999947,4,1.3599999999999695,8.802199671221592,2,none,0
27,54.8,12.1,0.0,5.000000000000003,2.0000000000000018,3,1.9400000000000002,8.25548921745222,2,none,0
28,54.8,12.62,0.0,5.200000000000003,2.0000000000000018,3,2.070000000000031,7.779528233731276,2,none,0
29,54.8,13.1375,0.0,5.1750000000000025,-0.25000000000000355,2,2.0099999999999527,7.7354500833703845,2,none,0
30,54.8,13.674999999999999,0.0,5.375000000000003,2.0000000000000018,3,2.090000000000026,7.293225188097731,2,none,0
31,54.8,14.172499999999998,0.0,4.975000000000003,-3.9999999999999947,4,1.430000000000007,7.864162785448234,2,none,0
32,54.8,14.69,0.0,5.175000000000003,2.0000000000000018,3,2.0099999999999953,7.454439155563557,2,none,0
33,54.8,15.227500000000001,0.0,5.3750000000000036,2.0000000000000018,3,2.1399999999999832,7.014952145430486,2,none,0
34,54.8,15.784999999999998,0.0,5.575000000000004,2.0000000000000018,3,2.220000000000014,6.710953108475258,2,none,0
35,54.8,16.337500000000002,0.0,5.525000000000004,-0.4999999999999982,1,2.150000000000028,6.612991931931108,2,none,0
36,54.8,16.85,0.0,5.1250000000000036,-4.0000000000000036,4,1.4899999999999662,7.172137598212544,2,none,0
37,54.8,17.3825,0.0,5.325000000000004,2.0000000000000018,3,2.069999999999997,6.78637559615754,2,none,0
38,54.8,17.935000000000002,0.0,5.525000000000004,2.0000000000000018,3,2.2000000000000277,6.386169506648397,2,none,0
39,54.8,18.507500000000004,0.0,5.725000000000004,2.0000000000000018,3,2.280000000000016,6.017919125979477,2,none,0
40,54.8,19.100000000000005,0.0,5.925000000000004,2.0000000000000018,3,2.360000000000004,5.708920230884416,2,none,0
41,54.8,19.652500000000007,0.0,5.525000000000004,-4.0000000000000036,4,1.649999999999985,6.060991430831117,2,none,0
42,54.8,20.22500000000001,0.0,5.725000000000004,2.0000000000000018,3,2.230000000000016,5.735728571930718,2,none,0
43,54.8,20.81750000000001,0.0,5.925000000000004,2.0000000000000018,3,2.360000000000004,5.437931278030278,2,none,0
44,54.8,21.43000000000001,0.0,6.125000000000004,2.0000000000000018,3,2.439999999999992,5.097893806025704,2,none,0
45,54.8,22.06250000000001,0.0,6.325000000000005,2.0000000000000018,3,2.5200000000000227,4.751800693592403,2,none,0
46,54.8,22.71500000000001,0.0,6.525000000000005,2.0000000000000018,3,2.599999999999968,4.514494765108655,2,none,0
47,54.8,23.32750000000001,0.0,6.125000000000005,-3.9999999999999947,4,1.8900000000000345,4.760097827197492,2,none,0
48,54.8,23.96000000000001,0.0,6.3250000000000055,2.0000000000000018,3,2.46999999999998,4.5486916059285045,2,none,0
49,54.8,24.61250000000001,0.0,6.525000000000006,2.0000000000000018,3,2.6000000000000107,4.22531043852594,2,none,0
50,54.8,25.285000000000007,0.0,6.725000000000006,2.0000000000000018,3,2.679999999999999,3.9843639927492136,2,none,0
51,54.8,25.91750000000001,0.0,6.325000000000006,-3.9999999999999947,4,1.9700000000000226,4.197983895590187,2,none,0
52,54.8,26.545000000000012,0.0,6.275000000000007,-0.4999999999999982,1,2.449999999999994,4.142465705379253,2,none,0
53,54.8,27.132500000000014,0.0,5.875000000000007,-3.9999999999999947,4,1.7900000000000176,4.457059309059875,2,none,0
54,54.8,27.740000000000016,0.0,6.075000000000007,2.0000000000000018,3,2.3699999999999637,4.158377820700731,2,none,0
55,54.8,28.30750000000002,0.0,5.675000000000008,-3.9999999999999947,4,1.7100000000000297,4.490320333484616,2,none,0
56,54.8,28.85000000000002,0.0,5.425000000000008,-2.5,0,2.1100000000000128,4.6818964536017305,2,none,0
57,54.8,29.35250000000002,0.0,5.0250000000000075,-4.0000000000000036,4,1.4499999999999937,5.147164856306887,2,none,0
58,54.8,29.815000000000023,0.0,4.625000000000007,-4.0000000000000036,4,1.3400000000000178,5.618894550274567,2,none,0
59,54.8,30.27250000000002,0.0,4.575000000000007,-0.4999999999999982,1,1.7699999999999887,5.6768189620837575,2,none,0
60,54.8,30.725000000000023,0.0,4.5250000000000075,-0.4999999999999982,1,1.8000000000000025,5.603566376834236,2,none,0
61,54.8,31.197500000000023,0.0,4.725000000000008,2.0000000000000018,3,1.8300000000000118,5.2627508505436955,2,none,0
62,54.8,31.690000000000023,0.0,4.925000000000008,2.0000000000000018,3,1.96,4.894259243211086,2,none,0
63,54.8,32.17750000000002,0.0,4.875000000000008,-0.4999999999999982,1,1.8899999999999924,4.833737698902884,2,none,0
64,54.8,32.64000000000002,0.0,4.625000000000008,-2.5,0,1.7899999999999965,5.1208156944089165,2,none,0
65,54.8,33.122500000000024,0.0,4.825000000000008,2.0000000000000018,3,1.8700000000000059,4.757445410460597,2,none,0
66,54.8,33.58000000000003,0.0,4.575000000000008,-2.5,0,1.7700000000000102,5.017851264819316,2,none,0
67,54.8,34.012500000000024,0.0,4.325000000000008,-2.5,0,1.719999999999993,5.3505723475997184,2,none,0
68,54.8,34.40500000000002,0.0,3.9250000000000083,-3.999999999999999,4,1.0099999999999956,5.996555204219458,2,none,0
69,54.8,34.817500000000024,0.0,4.125000000000008,1.9999999999999973,3,1.590000000000005,5.592887015721894,2,none,0
70,54.8,35.22500000000002,0.0,4.075000000000008,-0.4999999999999982,1,1.5699999999999974,5.568108896316943,2,none,0
71,54.8,35.652500000000025,0.0,4.275000000000008,2.0000000000000018,3,1.6500000000000068,5.116193158694107,2,none,0
72,54.8,36.05500000000003,0.0,4.025000000000008,-2.5,0,1.5500000000000111,5.492666453703959,2,none,0
73,54.8,36.47750000000003,0.0,4.2250000000000085,2.0000000000000018,3,1.6299999999999992,5.0804766307719404,2,none,0
74,54.8,36.92000000000003,0.0,4.425000000000009,2.0000000000000018,3,1.7600000000000087,4.646294986661738,2,none,0
75,54.8,37.38250000000003,0.0,4.625000000000009,2.0000000000000018,3,1.8399999999999967,4.332860627821635,2,none,0
76,54.8,37.82000000000003,0.0,4.375000000000009,-2.5,0,1.6900000000000008,4.652522817814214,2,none,0
77,54.8,38.252500000000026,0.0,4.325000000000009,-0.4999999999999982,1,1.6699999999999933,4.667739920834825,2,none,0
78,54.8,38.70500000000003,0.0,4.525000000000009,2.0000000000000018,3,1.7500000000000027,4.269081635495627,2,none,0
79,54.8,39.15500000000003,0.0,4.500000000000009,-0.25000000000000355,2,1.7400000000000093,4.2303135596912735,2,none,0
80,54.8,39.60250000000003,0.0,4.4750000000000085,-0.25000000000000355,2,1.779999999999995,4.181408815377024,2,none,0
81,54.8,40.010000000000026,0.0,4.075000000000008,-4.0000000000000036,4,1.0699999999999974,4.7785437742844294,2,none,0
82,54.8,40.43750000000003,0.0,4.275000000000008,2.0000000000000018,3,1.6500000000000068,4.335050776610522,2,none,0
83,54.8,40.86000000000003,0.0,4.2250000000000085,-0.4999999999999982,1,1.6299999999999992,4.3969622642707415,2,none,0
84,54.8,41.27750000000003,0.0,4.175000000000009,-0.4999999999999982,1,1.6600000000000128,4.442385545909925,2,none,0
85,54.8,41.67000000000003,0.0,3.9250000000000087,-2.5,0,1.5099999999999958,4.73794152878169,2,none,0
86,54.8,42.05750000000003,0.0,3.875000000000009,-0.4999999999999982,1,1.4900000000000093,4.850800747813099,2,none,0
87,54.8,42.46500000000003,0.0,4.075000000000009,2.0000000000000018,3,1.5699999999999974,4.4320134430582545,2,none,0
88,54.8,42.87000000000003,0.0,4.05000000000001,-0.24999999999999467,2,1.5600000000000043,4.373342275953411,2,none,0
89,54.8,43.27000000000003,0.0,4.00000000000001,-0.4999999999999982,1,1.5399999999999967,4.414031531142823,2,none,0
90,54.8,43.69000000000003,0.0,4.20000000000001,2.0000000000000018,3,1.620000000000006,3.9919548367477193,2,none,0
91,54.8,44.10500000000003,0.0,4.15000000000001,-0.4999999999999982,1,1.5999999999999985,4.083637842449252,2,none,0
92,54.8,44.48000000000003,0.0,3.75000000000001,-3.999999999999999,4,0.9400000000000011,4.714485006417717,2,none,0
93,54.8,44.81500000000003,0.0,3.3500000000000103,-3.999999999999999,4,0.8300000000000036,5.527511798455454,2,none,0
94,54.8,45.17000000000004,0.0,3.5500000000000105,2.0000000000000018,3,1.360000000000013,5.060924974260627,2,none,0
95,54.8,45.52000000000004,0.0,3.5000000000000107,-0.4999999999999982,1,1.3400000000000054,5.084604260796567,2,none,0
96,54.8,45.89000000000004,0.0,3.700000000000011,2.0000000000000018,3,1.4200000000000148,4.629234821460695,2,none,0
97,54.8,46.255000000000045,0.0,3.650000000000011,-0.4999999999999982,1,1.400000000000007,4.7072436485225335,2,none,0
98,54.8,46.615000000000045,0.0,3.600000000000011,-0.4999999999999982,1,1.4299999999999995,4.772307052220829,2,none,0
99,54.8,46.97000000000005,0.0,3.5500000000000114,-0.4999999999999982,1,1.410000000000013,4.789532073361893,2,none,0
100,54.8,47.30000000000005,0.0,3.3000000000000114,-2.5,0,1.259999999999996,5.331031599236494,2,none,0
101,54.8,47.62500000000005,0.0,3.2500000000000115,-0.4999999999999982,1,1.2400000000000098,5.437917351496749,2,none,0
102,54.8,47.97000000000005,0.0,3.4500000000000117,2.0000000000000018,3,1.3199999999999978,4.905056218810132,2,none,0
103,54.8,48.33500000000005,0.0,3.650000000000012,2.0000000000000018,3,1.4500000000000073,4.440495274237056,2,none,0
104,54.8,48.69500000000005,0.0,3.600000000000012,-0.4999999999999982,1,1.3799999999999994,4.504411240669255,2,none,0
105,54.8,49.03000000000005,0.0,3.350000000000012,-2.5,0,1.2800000000000038,5.006308392028892,2,none,0
106,54.83663106812491,49.35738145235133,0.009163509475728972,3.3000000000000123,-0.4999999999999982,1,11.489999999999858,5.07538973112759,2,none,0
107,54.879602128809886,49.65930969453265,0.019926244867618514,3.0500000000000123,-2.5,0,0.24500000000000127,5.641492667606135,2,none,0
108,54.91905097140594,49.93648972014173,0.02981736041238725,2.8000000000000123,-2.5,0,0.27000000000000124,6.319201220347197,2,none,0
109,54.95497759591305,50.18892152917857,0.03883247311142202,2.5500000000000123,-2.5,0,0.24500000000000122,7.180362304115715,2,none,0
110,54.990199776802385,50.43640369490096,0.047675966013258415,2.5000000000000124,-0.4999999999999982,1,0.19000000000000128,7.215270164162729,2,none,0
111,55.02471751407393,50.6789362173089,0.05634619466977675,2.4500000000000126,-0.4999999999999982,1,0.23500000000000126,7.463346813047331,2,none,0
112,55.058883029536574,50.91899391805962,0.06493017992794003,2.4250000000000127,-0.2499999999999991,2,0.18250000000000127,7.506581725312397,2,none,0
113,55.08952632691029,51.1343034022381,0.07263006175460607,2.1750000000000127,-2.5,0,0.15750000000000125,8.529327483402758,2,none,0
114,55.11946518066622,51.34466324310213,0.08015279645729767,2.1250000000000124,-0.5000000000000027,1,0.15250000000000125,8.551544097140285,2,none,0
115,55.145881816333215,51.53027486739393,0.0867897051802895,1.8750000000000124,-2.5,0,0.12750000000000122,9.780774866980359,2,none,0
116,55.17511622647136,51.73568506494352,0.09413294262267337,2.0750000000000126,2.0000000000000018,3,0.14750000000000124,8.839415385115732,2,none,0
117,55.256053682242616,51.89675613707103,0.11489703812297414,1.8250000000000126,-2.5,0,0.12250000000000126,9.906876339115948,2,none,0
118,55.32936230305047,52.01893717175079,0.1338435495299557,1.4250000000000127,-3.999999999999999,4,-0.4174999999999987,12.481537713840423,2,none,0
119,55.38980976231309,52.119682937188486,0.14954126432242387,1.1750000000000127,-2.5,0,0.05750000000000126,14.674962769472168,2,none,0
120,55.43739606003047,52.198993433384125,0.16194167146731434,0.9250000000000127,-2.5,0,0.08250000000000127,18.50880945315758,2,none,0
121,55.472121196202615,52.256868660337695,0.17101201460301718,0.6750000000000127,-2.5,0,0.057500000000001265,22.17367272865101,2,none,0
122,55.49398517082952,52.2933086180492,0.17673149466328142,0.4250000000000127,-2.5,0,0.03250000000000127,26.825583891047472,2,none,0
123,55.50491715814297,52.31152859690496,0.17959356438234408,0.21250000000000635,-2.1250000000000635,0,0.011250000000000634,28.46377625867367,2,none,0
124,55.5103831517997,52.320638586332834,0.1810251617012015,0.10625000000000318,-1.0625000000000318,0,0.0006250000000003163,29.13157914490183,2,none,0
125,55.51713526161095,52.33189210268492,0.1827941119900052,0.13125000000000317,0.24999999999999994,1,-0.04687499999999969,29.42998973219154,2,none,0
126,55.520511316516576,52.33751886086096,0.18367879396262032,0.06562500000000158,-0.6562500000000158,0,-0.053437499999999846,28.946841578029673,2,none,0
127,55.53417630065839,52.36029383443066,0.18726102563666935,0.2656250000000016,2.0,3,-0.03343749999999984,28.18885720239602,2,none,0
128,55.558130214036396,52.400217023394,0.19354557471428382,0.4656250000000016,2.0,3,0.036562500000000164,24.208713531209945,2,none,0
129,55.592373056650594,52.45728842775099,0.2025399765086944,0.6656250000000017,2.0000000000000004,3,0.056562500000000175,20.78202208575471,2,none,0
130,55.63690482850098,52.53150804750164,0.21425317024564425,0.8656250000000016,1.9999999999999996,3,0.07656250000000017,17.722995277285445,2,none,0
131,55.66857543880613,52.58429239801021,0.22259307295483355,0.6156250000000016,-2.5,0,0.001562500000000161,22.40787174520772,2,none,0
132,55.71053497834747,52.65422496391245,0.23365244707097088,0.8156250000000016,1.9999999999999996,3,0.021562500000000165,17.90106489901372,2,none,0
133,55.75120840173428,52.722014002890475,0.24438144942514636,0.7906250000000016,-0.2500000000000002,2,0.019062500000000163,18.198548262652196,2,none,0
134,55.77902066357586,52.76836777262643,0.25172148032102043,0.5406250000000016,-2.5,0,-0.005937499999999846,21.689400560996532,2,none,0
135,55.7939717638722,52.79328627312033,0.25566815896338496,0.2906250000000016,-2.5,0,0.019062500000000156,25.51345855517061,2,none,0
136,55.801447314020365,52.805745523367285,0.2576416778958024,0.1453125000000008,-1.4531250000000078,0,0.004531250000000077,25.66612667479878,2,none,0
137,55.819211793404726,52.83535298900788,0.2623318078408279,0.3453125000000008,2.0,3,-0.025468749999999922,24.88083372407975,2,none,0
138,55.82809403309691,52.850156721828185,0.2646770185450036,0.1726562500000004,-1.726562500000004,0,-0.04273437499999996,27.356171509362113,2,none,0
139,55.84726520202528,52.882108670042136,0.2697390333935852,0.3726562500000004,2.0,3,-0.02273437499999996,25.761037929456645,2,none,0
140,55.85685078648947,52.89808464414911,0.2718174203354693,0.1863281250000002,-1.863281250000002,0,-0.041367187499999986,28.501934584964904,2,none,0
141,55.865150254799126,52.91191709133188,0.2734409696486957,0.1613281250000002,-0.24999999999999994,2,-0.04386718749999999,28.09633734595476,2,none,0
142,55.869299988953955,52.91883331492326,0.2742528784193361,0.0806640625000001,-0.806640625000001,0,-0.05193359374999999,28.949338538533663,2,none,0
143,55.87473583926331,52.92789306543885,0.2753165529066868,0.10566406250000011,0.25000000000000006,1,-0.04943359374999999,27.514233589409756,2,none,0
144,55.87888557341814,52.934809289030234,0.2761286633561091,0.0806640625000001,-0.25000000000000006,2,-0.05193359374999999,26.47461515603076,2,none,0
145,55.893324236809164,52.95887372801527,0.2789549957332331,0.2806640625000001,1.9999999999999998,3,-0.031933593749999996,25.094865386440922,2,none,0
146,55.90054356850467,52.97090594750779,0.28036853641448767,0.14033203125000004,-1.4033203125000004,0,-0.045966796875,25.849542452096475,2,none,0
147,55.91805182943637,53.00008638239396,0.2837976380619278,0.34033203125000006,2.0,3,-0.025966796874999996,24.109121849643756,2,none,0
148,55.94584901960427,53.04641503267378,0.28924462065431444,0.5403320312500001,2.0,3,0.04403320312500001,22.269737340748836,2,none,0
149,55.983935139008345,53.10989189834724,0.29671268397658745,0.7403320312500001,2.0000000000000004,3,0.06403320312500002,16.894523469369645,2,none,0
150,56.023307374566954,53.17551229094492,0.30443811130417564,0.7653320312500002,0.2500000000000002,1,0.01653320312500002,17.66041070026246,2,none,0
151,56.072968539361746,53.25828089893625,0.3141884799971923,0.9653320312500002,2.0000000000000004,3,0.03653320312500001,14.406658789352514,2,none,0
152,56.132918633392734,53.35819772232122,0.3259655551732361,1.1653320312500002,1.9999999999999996,3,0.10653320312500003,12.697389792382253,2,none,0
153,56.20315765665991,53.475262761099856,0.3397689028483424,1.3653320312500001,1.9999999999999996,3,0.12653320312500002,10.938695430083701,2,none,0
154,56.27082444761804,53.58804074603007,0.35306722329016577,1.31533203125,-0.5000000000000004,1,0.07153320312500001,11.074232574819936,2,none,0
155,56.32937478896683,53.675644506446,0.3650674933500096,1.06533203125,-2.5,0,0.04653320312500002,12.931102069597559,2,none,0
156,56.39921762280816,53.71769647446565,0.38256432011073893,0.8153320312500001,-2.5,0,0.071533203125,15.64954421963336,2,none,0
157,56.48619282264626,53.77006374138388,0.404529037512175,1.01533203125,1.9999999999999996,3,0.041533203125000015,13.36609445217039,2,none,0
158,56.5517525649884,53.80953688467888,0.42120391042455135,0.76533203125,-2.5,0,0.016533203124999993,15.441570706605436,2,none,0
159,56.63444467332731,53.859325326872465,0.44236713609290357,0.96533203125,1.9999999999999996,3,0.03653320312500001,13.406643723281789,2,none,0
160,56.69572132417025,53.89621964544283,0.45813409177359743,0.71533203125,-2.5,0,0.011533203124999995,15.798231647352619,2,none,0
161,56.759139520762794,53.934403376375506,0.4745190926117737,0.74033203125,0.2500000000000002,1,0.01403320312499999,16.4244106319371,2,none,0
162,56.80114225985937,53.95969298368496,0.48540457016199207,0.49033203125,-2.5,0,-0.010966796874999997,19.36523918094934,2,none,0
163,56.82214362940766,53.97233778733969,0.49085637507873314,0.245166015625,-2.45166015625,4,-0.5354833984375,25.94090281307976,2,none,0
164,56.845286544705544,53.986272003356746,0.49687061205289323,0.270166015625,0.24999999999999967,1,-0.032983398437500006,24.325188453240827,2,none,0
165,56.86628791425383,53.99891680701147,0.5023338734507663,0.24516601562499998,-0.24999999999999994,2,-0.03548339843750001,21.668043717942442,2,none,0
166,56.876788599027975,54.00523920883884,0.5050673829403223,0.12258300781249999,-1.2258300781249998,0,-0.04774169921875,26.676707072760237,2,none,0
167,56.885147738052524,54.01027219830388,0.5072442703323701,0.09758300781249998,-0.25000000000000006,2,-0.050241699218750005,25.65838418631939,2,none,0
168,56.89136533132748,54.0140157754066,0.5088639371083432,0.07258300781249999,-0.24999999999999994,2,-0.0027416992187500027,24.068658834517798,2,none,0
169,56.89544137885283,54.01646994014699,0.5099259548904724,0.04758300781249999,-0.25,2,-0.005241699218750003,24.838645691909985,2,none,0
170,56.89747940261551,54.01769702251719,0.5104570276542715,0.023791503906249994,-0.23791503906249992,4,-0.5576208496093751,28.76961428772243,2,none,0
171,56.916649792374955,54.02923940378597,0.515454514866664,0.22379150390625,2.0,3,-0.03762084960937501,21.64456984726391,2,none,0
172,56.937961727884,54.04207119741707,0.5210143593760059,0.24879150390625,0.24999999999999994,1,-0.035120849609375004,21.752064956065308,2,none,0
173,56.948617695638525,54.04848709423262,0.523795791851078,0.124395751953125,-1.2439575195312498,0,-0.0475604248046875,23.962003296096615,2,none,0
174,56.95394567951578,54.0516950426404,0.5251868670530724,0.0621978759765625,-0.6219787597656249,0,-0.003780212402343752,26.846714037533445,2,none,0
175,56.956609671454416,54.053299016844285,0.5258824920667392,0.03109893798828125,-0.31098937988281244,0,-0.006890106201171877,25.548818858220383,2,none,0
176,56.95794166742373,54.05410100394623,0.5262303261354062,0.015549468994140624,-0.15549468994140622,0,-0.00844505310058594,26.50124498561326,2,none,0
177,56.95860766540839,54.0545019974972,0.5264042485237637,0.007774734497070312,-0.07774734497070311,4,-0.559222526550293,25.28929087933271,2,none,0
178,56.97640602938982,54.06521828994675,0.5310534955405255,0.20777473449707032,2.0,3,-0.03922252655029297,22.500829646924608,2,none,0
179,56.985305211380535,54.07057643617153,0.5333790090753479,0.10388736724853516,-1.0388736724853516,0,-0.04961126327514649,23.477193083355843,2,none,0
180,57.01133675936802,54.08624988129488,0.5401846360979519,0.30388736724853516,2.0,3,-0.029611263275146488,20.843425472351562,2,none,0
181,57.024352533361764,54.09408660385656,0.543589051244353,0.15194368362426758,-1.5194368362426758,0,-0.04480563163757324,22.06742762780836,2,none,0
182,57.030860420358636,54.0980049651374,0.5452916249187896,0.07597184181213379,-0.7597184181213379,0,-0.0024028158187866227,22.966464144853926,2,none,0
183,57.05450067335228,54.11223862531682,0.5514781870894037,0.2759718418121338,2.0,3,-0.03240281581878662,20.73856971776857,2,none,0
184,57.066320799849095,54.11935545540653,0.5545724637317123,0.1379859209060669,-1.379859209060669,0,-0.04620140790939331,26.201459589397384,2,none,0
185,57.09527329234269,54.13678758439482,0.5621540073621035,0.33798592090606694,2.0000000000000004,3,-0.026201407909393307,20.86193960408881,2,none,0
186,57.14135815083306,54.16453501228168,0.5742269490000709,0.5379859209060669,1.9999999999999996,3,0.04379859209060669,15.476015833344954,2,none,0
187,57.166027551827455,54.17938831654533,0.5806911683861381,0.2879859209060669,-2.5,0,-0.031201407909393315,19.78847077315924,2,none,0
188,57.207829318818625,54.20455691970755,0.5916452051773681,0.4879859209060669,2.0,3,-0.011201407909393314,16.206184284312567,2,none,0
189,57.26676345180657,54.24004082176835,0.6070854556140537,0.6879859209060669,2.0,3,0.05879859209060669,13.546354461722363,2,none,0
190,57.30428212729855,54.26263060020593,0.6169100418587281,0.4379859209060669,-2.5,0,-0.01620140790939331,18.286809652265646,2,none,0
191,57.32304146504454,54.27392548942473,0.6218201513418133,0.21899296045303346,-2.1899296045303345,0,0.011899296045303345,21.385245126022138,2,none,0
192,57.358933168787296,54.29553567754209,0.6312093893160511,0.41899296045303347,2.0,3,-0.018100703954696658,18.54756171254959,2,none,0
193,57.39696641827965,54.31843527802178,0.641149948980809,0.4439929604530335,0.2500000000000002,1,-0.015600703954696656,16.780272173790415,2,none,0
194,57.452132033768784,54.35165017740005,0.6555481104024508,0.6439929604530334,1.9999999999999996,3,0.004399296045303348,13.19155039854138,2,none,0
195,57.52443001525469,54.39518037567691,0.6743726832726876,0.8439929604530334,1.9999999999999996,3,0.07439929604530335,12.179916067388879,2,none,0
196,57.613860362737356,54.44902587285234,0.697569227005932,1.0439929604530334,1.9999999999999996,3,0.09439929604530334,9.940789404687733,2,none,0
197,57.68187525272406,54.48997724640454,0.7151313400763354,0.7939929604530334,-2.5,0,0.01939929604530334,11.567226318269755,2,none,0
198,57.74774859696117,54.52963920759443,0.7320640531644855,0.7689929604530333,-0.2500000000000002,2,0.01689929604530334,11.525099295257322,2,none,0
199,57.83075430719506,54.57961646768289,0.7532792787151212,0.9689929604530334,2.0000000000000004,3,0.03689929604530333,10.554961763790775,2,none,0
200,57.89234455993297,54.616699604148124,0.7641396634027907,0.7189929604530334,-2.5,0,0.011899296045303341,11.765115308294794,2,none,0
201,57.95179326692129,54.65249332825104,0.7727839069077822,0.6939929604530334,-0.2500000000000002,2,0.009399296045303339,11.902843334864937,2,none,0
202,58.028374339906385,54.69860235125254,0.7839217387092281,0.8939929604530334,2.0000000000000004,3,0.02939929604530335,11.063333373707533,2,none,0
203,58.10709695864108,54.74600078661636,0.7953711896153459,0.9189929604530335,0.2500000000000002,1,0.03189929604530335,10.506416202375433,2,none,0
204,58.164404119879805,54.780505098356954,0.8037043674526249,0.6689929604530335,-2.5,0,0.0068992960453033506,12.431904259835093,2,none,0
205,58.223852826868125,54.81629882245987,0.8123461386129337,0.6939929604530335,0.2500000000000002,1,0.009399296045303353,12.430988015150644,2,none,0
206,58.289121709902304,54.82841432575389,0.826301794164112,0.6689929604530335,-0.2500000000000002,2,0.0068992960453033506,12.08604990274838,2,none,0
207,58.37514581384247,54.84065745665174,0.8454046317762625,0.8689929604530335,2.0000000000000004,3,0.026899296045303348,10.386990210330648,2,none,0
208,58.436421701210406,54.84937836946066,0.8590753980012229,0.6189929604530335,-2.5,0,0.001899296045303353,12.49798606480608,2,none,0
209,58.500172410235564,54.858451504078474,0.8733485944896664,0.6439929604530336,0.2500000000000002,1,0.004399296045303348,11.977628858261559,2,none,0
210,58.53917490268848,54.86400242060735,0.8821038312877966,0.39399296045303356,-2.5,0,-0.020600703954696646,15.984829561453875,2,none,0
211,58.55867614891494,54.86677787887179,0.8864874737929725,0.19699648022651678,-1.9699648022651677,0,0.009699648022651677,17.156938739397525,2,none,0
212,58.56842677202817,54.86816560800401,0.8886807297672872,0.09849824011325839,-0.9849824011325838,0,-0.0001501759886741623,21.51745350418625,2,none,0
213,58.573302083584785,54.86885947257012,0.8897777074762825,0.049249120056629195,-0.4924912005662919,0,-0.005075087994337082,19.112643228345597,2,none,0
214,58.58065221679862,54.86990555894512,0.8914319700348229,0.0742491200566292,0.25000000000000006,1,-0.052575087994337084,18.715889145295368,2,none,0
215,58.60780092327025,54.87376941979127,0.8975465924956539,0.2742491200566292,2.0,3,-0.03257508799433708,15.673717399790135,2,none,0
216,58.65474820299967,54.880451055108566,0.9081356053105212,0.4742491200566292,2.0,3,0.037424912005662926,12.681064878907897,2,none,0
217,58.67822184286438,54.88379187276722,0.9134367384233835,0.2371245600283146,-2.371245600283146,0,-0.03628754399716854,15.947380437692487,2,none,0
218,58.72149405598688,54.88995046489701,0.9232193905938529,0.4371245600283146,2.0,3,-0.016287543997168537,13.111922623995566,2,none,0
219,58.762291447452164,54.89575683521791,0.9324534288897859,0.41212456002831466,-0.24999999999999967,2,-0.01878754399716854,14.502476052707582,2,none,0
220,58.7826901431848,54.898660020378365,0.937073907476283,0.20606228001415733,-2.060622800141573,0,-0.03939377199858427,16.340000302400984,2,none,0
221,58.79288949105112,54.90011161295859,0.9393849260649278,0.10303114000707866,-1.0303114000707865,0,0.0003031140007078645,17.825759954335663,2,none,0
222,58.79798916498428,54.9008374092487,0.9405406194593637,0.05151557000353933,-0.5151557000353932,4,-0.5548484429996461,21.007230364254262,2,none,0
223,58.800614017260216,54.90121098372992,0.9411355126464559,0.02651557000353933,-0.25,2,-0.057348442999646074,19.462079496518903,2,none,0
224,58.80192644339819,54.901397770970526,0.9414329708960556,0.013257785001769665,-0.13257785001769665,2,-0.008674221499823035,20.271252380944834,2,none,0
225,58.805713691193375,54.90193678002003,0.9422913845536528,0.03825778500176967,0.25000000000000006,1,-0.05617422149982304,17.761600873463095,2,none,0
226,58.80760731509097,54.90220628454478,0.9427206150369134,0.019128892500884835,-0.19128892500884834,2,-0.05808711074991152,18.793229810187448,2,none,0
227,58.80855412703977,54.90234103680716,0.9429352361233458,0.009564446250442418,-0.09564446250442417,2,-0.009043555374955761,19.430563910756803,2,none,0
228,58.80902753301417,54.90240841293835,0.9430425481191551,0.004782223125221209,-0.047822231252212084,2,-0.00952177768747788,18.65862331259383,2,none,0
229,58.80926423600137,54.90244210100394,0.9430962044791356,0.0023911115626106044,-0.023911115626106042,2,-0.009760888843738942,19.471046634120956,2,none,0
230,58.809382587494966,54.90245894503674,0.943123032749508,0.0011955557813053022,-0.011955557813053021,0,-0.059880444421869475,18.834182860427656,2,none,0
231,58.809441763241765,54.902467367053134,0.9431364469072748,0.0005977778906526511,-0.0059777789065265105,0,-0.009940222210934737,18.443507908514448,2,none,0
232,58.82929951224636,54.90529356354068,0.9476386878333638,0.20059777789065267,2.0,3,-0.03994022221093474,15.966651584598878,2,none,0
233,58.86895583450874,54.910937534499375,0.9566340987672622,0.40059777789065265,1.9999999999999998,3,0.030059777789065267,12.662244373928626,2,none,0
234,58.88878399563993,54.91375951997872,0.9611336131058833,0.20029888894532633,-2.0029888894532633,0,-0.039970111105467374,16.544118092818884,2,none,0
235,58.911086978428344,54.91693372726696,0.9661958699023429,0.22529888894532632,0.24999999999999994,1,-0.03747011110546737,15.602313553298474,2,none,0
236,58.92223846982255,54.91852083091108,0.968727374518726,0.11264944447266316,-1.1264944447266316,0,-0.04873505555273369,15.7697992196528,2,none,0
237,58.95318853447455,54.922925709026345,0.9757543484056415,0.3126494444726632,2.0,3,-0.028735055552733688,14.295873382424267,2,none,0
238,58.96866356680055,54.92512814808398,0.9792682182685905,0.1563247222363316,-1.5632472223633158,0,-0.04436752777636685,16.010789617103423,2,none,0
239,58.97640108296355,54.92622936761279,0.9810252109785302,0.0781623611181658,-0.7816236111816579,0,-0.0021837638881834227,18.2660805131925,2,none,0
240,58.98026984104505,54.9267799773772,0.9819037170327677,0.0390811805590829,-0.39081180559082895,0,-0.006091881944091712,16.543496768200033,2,none,0
241,58.982204220085805,54.9270552822594,0.9823429718914796,0.01954059027954145,-0.19540590279541448,0,-0.008045940972045857,18.501837130254604,2,none,0
242,58.98317140960618,54.92719293470051,0.9825625997045747,0.009770295139770725,-0.09770295139770724,2,-0.05902297048602293,18.83587070060687,2,none,0
243,58.98365500436636,54.927261760921056,0.9826724136977887,0.004885147569885362,-0.04885147569885362,0,-0.05951148524301147,18.362495220100172,2,none,0
244,58.983896801746454,54.92729617403133,0.9827273207149039,0.002442573784942681,-0.02442573784942681,0,-0.009755742621505734,18.54459955701196,2,none,0
245,58.9840177004365,54.92731338058647,0.9827547742284429,0.0012212868924713406,-0.012212868924713405,0,-0.009877871310752868,18.488310203825087,2,none,0
246,58.984078149781524,54.92732198386404,0.9827685009864411,0.0006106434462356703,-0.006106434462356702,0,-0.009938935655376435,16.291259929884408,2,none,0
247,58.98410837445404,54.92732628550282,0.9827753643657449,0.00030532172311783514,-0.003053217231178351,2,-0.05996946782768822,18.103802880849653,2,none,0
248,58.984123486790295,54.92732843632221,0.9827787960554734,0.00015266086155891757,-0.0015266086155891756,0,-0.05998473391384411,19.67663920965904,2,none,0
249,59.00393717238434,54.93014836161275,0.9872780751466049,0.20015266086155892,2.0,3,-0.03998473391384411,14.659912374669464,2,none,0
250,59.01384401518136,54.93155832425802,0.9895276902997473,0.10007633043077946,-1.0007633043077946,0,-0.04999236695692206,14.21532434205462,2,none,0
251,59.02127603632117,54.9326160650944,0.9912153012613494,0.07507633043077946,-0.24999999999999994,2,-0.052492366956922054,17.20067297562209,2,none,0
252,59.024992046891064,54.93314493551259,0.9920590938994299,0.03753816521538973,-0.3753816521538973,0,-0.05624618347846103,18.382050229114625,2,none,0
253,59.026850052176016,54.933409370721684,0.9924809864821748,0.018769082607694866,-0.18769082607694865,0,-0.008123091739230516,16.31892032725633,2,none,0
254,59.03118287911819,54.93402602773967,0.9934648198745599,0.04376908260769487,0.25,1,-0.05562309173923052,14.716675925796999,2,none,0
255,59.03334929258928,54.93433435624866,0.9939567304877786,0.021884541303847434,-0.21884541303847432,2,-0.05781154586961526,15.483846628052888,2,none,0
256,59.03443249932482,54.93448852050316,0.9942026841695144,0.010942270651923717,-0.10942270651923716,0,-0.05890577293480763,15.41612289029801,2,none,0
257,59.055314279318154,54.9374604592288,0.9989438608932514,0.21094227065192372,2.0,3,-0.03890577293480763,13.65791389491947,2,none,0
258,59.06575516931482,54.93894642859163,1.0013142261804173,0.10547113532596186,-1.0547113532596186,0,-0.04945288646740382,13.769247676456594,2,none,0
259,59.078670880968716,54.94078461976334,1.0042461853353322,0.13047113532596186,0.24999999999999994,1,-0.046952886467403816,13.925958804833321,2,none,0
260,59.08911177096538,54.94227058912616,1.006616101727458,0.10547113532596186,-0.24999999999999994,2,-0.04945288646740382,15.701131831744155,2,none,0
261,59.09433221596372,54.94301357380757,1.0078009701943222,0.05273556766298093,-0.5273556766298093,0,-0.05472644323370191,13.867788235319686,2,none,0
262,59.09694243846288,54.943385066148274,1.0083933805419338,0.026367783831490466,-0.26367783831490466,0,-0.007363221616850955,14.462856100282005,2,none,0
263,59.09824754971246,54.943570812318626,1.0086895795626485,0.013183891915745233,-0.13183891915745233,2,-0.05868161080842548,16.684926180372017,2,none,0
264,59.09890010533726,54.943663685403806,1.0088376775120325,0.006591945957872616,-0.06591945957872616,2,-0.00934080540421274,16.690559248320447,2,none,0
265,59.099226383149656,54.943710121946395,1.0089117260936438,0.003295972978936308,-0.03295972978936308,4,-0.5596704027021064,16.157257798022773,2,none,0
266,59.09938952205585,54.94373334021769,1.0089487502858252,0.001647986489468154,-0.01647986489468154,2,-0.05983520135105319,15.242860846447973,2,none,0
267,59.099471091508946,54.94374494935334,1.0089672623572148,0.000823993244734077,-0.00823993244734077,0,-0.059917600675526594,14.727954089054746,2,none,0
268,59.10202748261927,54.944108780297874,1.009547423266079,0.025823993244734077,0.25,1,-0.0574176006755266,15.299944577278104,2,none,0
269,59.103305678174436,54.94429069577014,1.0098374975272475,0.012911996622367038,-0.12911996622367036,0,-0.0587088003377633,15.87962425098842,2,none,0
270,59.103944775952016,54.944381653506284,1.0099825330881962,0.006455998311183519,-0.06455998311183518,4,-0.5593544001688817,16.146201668969255,2,none,0
271,59.10705869538682,54.94482483305131,1.010689184486809,0.03145599831118352,0.25,1,-0.05685440016888165,13.610269848554811,2,none,0
272,59.108615655104224,54.94504642282382,1.0110425005779402,0.01572799915559176,-0.1572799915559176,0,-0.05842720008444083,15.169090824286384,2,none,0
273,59.109394134962926,54.94515721771008,1.0112191561829453,0.00786399957779588,-0.0786399957779588,0,-0.009213600042220414,13.991266063278548,2,none,0
274,59.109783374892274,54.94521261515321,1.0113074833704934,0.00393199978889794,-0.0393199978889794,0,-0.009606800021110208,15.596671513833904,2,none,0
275,59.10997799485695,54.94524031387478,1.011351646809926,0.00196599989444897,-0.0196599989444897,0,-0.009803400010555106,13.684586439760677,2,none,0
276,59.110075304839285,54.94525416323555,1.0113737284909854,0.000982999947224485,-0.00982999947224485,2,-0.05990170000527756,13.78804479807496,2,none,0
277,59.11012395983045,54.945261087915945,1.0113847693218379,0.0004914999736122425,-0.004914999736122425,0,-0.05995085000263878,13.69368950621499,2,none,0
278,59.129971188079416,54.948085787067484,1.0158879501882696,0.20049149997361226,2.0,3,-0.039950850002638774,12.697906728060373,2,none,0
279,59.1398948022039,54.94949813664325,1.0181390810134328,0.10024574998680613,-1.0024574998680613,0,-0.04997542500131939,12.87131757434978,2,none,0
280,59.144856609266135,54.950204311431136,1.0192645215699254,0.050122874993403066,-0.5012287499340307,0,-0.004987712500659695,14.18999705539505,2,none,0
281,59.16961698958617,54.95372826069017,1.0248793312557263,0.2501228749934031,2.0,3,-0.0349877125006597,10.878439741182632,2,none,0
282,59.18199717974618,54.95549023531968,1.027685813244328,0.12506143749670154,-1.2506143749670153,0,-0.04749385625032985,12.611244213066835,2,none,0
283,59.191902548248976,54.95689998814031,1.0299307913920481,0.10006143749670154,-0.24999999999999994,2,-0.04999385625032985,11.4317414972791,2,none,0
284,59.19685523250037,54.95760486455062,1.031053111658349,0.05003071874835077,-0.5003071874835077,0,-0.05499692812516493,13.219269817795057,2,none,0
285,59.221606490009556,54.961127515432075,1.0366601578263919,0.2500307187483508,2.0000000000000004,3,-0.034996928125164924,9.876920539064105,2,none,0
286,59.24388292586152,54.96429794450464,1.0417037958208384,0.22503071874835082,-0.24999999999999994,2,-0.03749692812516492,10.692440371051603,2,none,0
287,59.2550211437875,54.96588315904092,1.044224546813095,0.11251535937417541,-1.125153593741754,0,-0.048748464062582465,11.001359775797788,2,none,0
288,59.26059025275049,54.96667576630906,1.0454846414258276,0.056257679687087704,-0.562576796870877,0,-0.004374232031291231,11.952627443721298,2,none,0
289,59.26863418337071,54.967820595386094,1.0473043607193269,0.0812576796870877,0.25,1,-0.05187423203129123,11.75298797172932,2,none,0
290,59.2742032923337,54.96861320265424,1.0485639777229625,0.056257679687087704,-0.25,2,-0.054374232031291235,13.381370843814809,2,none,0
291,59.299570974554484,54.972223584393525,1.0542990043250604,0.25625767968708774,2.0000000000000004,3,-0.03437423203129123,10.313379289919547,2,none,0
292,59.322463835118036,54.975481744323915,1.059470622533055,0.23125767968708774,-0.24999999999999994,2,-0.036874232031291226,9.628254898023181,2,none,0
293,59.33391026539982,54.97711082428911,1.062054951605208,0.11562883984354387,-1.1562883984354386,0,-0.04843711601564562,10.856343881826703,2,none,0
294,59.339633480540705,54.97792536427171,1.0633467312793299,0.057814419921771935,-0.5781441992177193,0,-0.004218558007822808,10.753726608240408,2,none,0
295,59.34249508811115,54.97833263426301,1.0639925230482958,0.028907209960885968,-0.28907209960885966,0,-0.0071092790039114055,13.390109450506575,2,none,0
296,59.343925891896376,54.97853626925866,1.0643153941844419,0.014453604980442984,-0.14453604980442983,0,-0.008554639501955704,11.855517339960617,2,none,0
297,59.34464129378899,54.97863808675649,1.0644768235365343,0.007226802490221492,-0.07226802490221491,2,-0.05927731975097786,12.24538201695619,2,none,0
298,59.34499899473529,54.9786889955054,1.0645575366549758,0.003613401245110746,-0.03613401245110746,2,-0.009638659875488927,12.831615805160508,2,none,0
299,59.34517784520845,54.97871444987985,1.064597892824343,0.001806700622555373,-0.01806700622555373,0,-0.05981932993774447,13.143036792697007,2,none,0
300,59.34526727044502,54.978727177067086,1.064618070811505,0.0009033503112776865,-0.009033503112776864,0,-0.009909664968872233,11.474699979550577,2,none,0
301,59.34531198306331,54.9787335406607,1.0646281597807015,0.00045167515563884325,-0.004516751556388432,2,-0.05995483248443612,11.681663095626433,2,none,0
302,59.34533433937246,54.978736722457505,1.0646332042592017,0.00022583757781942162,-0.002258375778194216,0,-0.059977416242218064,11.236234328123572,2,none,0
303,59.34534551752702,54.978738313355905,1.0646357264969257,0.00011291878890971081,-0.001129187889097108,0,-0.009988708121109031,10.762710024360613,2,none,0
304,59.34535110660431,54.97873910880511,1.0646369876154083,5.6459394454855406e-05,-0.000564593944548554,0,-0.009994354060554517,12.757457175523093,2,none,0
305,59.34535390114296,54.97873950652971,1.0646376181745532,2.8229697227427703e-05,-0.000282296972274277,0,-0.00999717703027726,12.038362640579688,2,none,0
306,59.34535529841228,54.97873970539201,1.0646379334541036,1.4114848613713851e-05,-0.0001411484861371385,2,-0.05999858851513863,12.807912045518828,2,none,0
307,59.34535599704694,54.978739804823164,1.06463809109387,7.057424306856926e-06,-7.057424306856925e-05,0,-0.05999929425756932,12.129846343327676,2,none,0
308,59.34535634636427,54.97873985453874,1.0646381699137537,3.528712153428463e-06,-3.5287121534284626e-05,2,-0.05999964712878466,10.82713394243696,2,none,0
309,59.347831517338825,54.97909212606321,1.0651966419496106,0.02500352871215343,0.25,1,-0.057499647128784664,10.786640784582733,2,none,0
310,59.352781509970605,54.979796619396566,1.0663133563488971,0.05000352871215343,0.25,1,-0.004999647128784659,9.429742648777538,2,none,0
311,59.35525650628649,54.980148866063246,1.066871637439676,0.025001764356076716,-0.25001764356076717,0,-0.05749982356439233,9.665546529356842,2,none,0
312,59.356494004444436,54.980324989396586,1.0671507588086273,0.012500882178038358,-0.12500882178038358,2,-0.05874991178219617,9.823857534141048,2,none,0
313,59.3602063242596,54.98085333453882,1.067988006310034,0.037500882178038354,0.24999999999999994,1,-0.05624991178219617,9.624587351577933,2,none,0
314,59.36206248416718,54.981117507109936,1.0684065863668033,0.018750441089019177,-0.18750441089019176,2,-0.05812495589109809,10.49786805100001,2,none,0
315,59.36299056412098,54.981249593395496,1.0686158654088647,0.009375220544509589,-0.09375220544509588,0,-0.059062477945549044,9.366801023273247,2,none,0
316,59.363454604097875,54.98131563653828,1.0687205021754609,0.004687610272254794,-0.04687610272254794,0,-0.009531238972774523,10.020928315118732,2,none,0
317,59.36368662408632,54.98134865810967,1.068772819869169,0.002343805136127397,-0.02343805136127397,0,-0.009765619486387262,10.0821058499913,2,none,0
318,59.36380263408054,54.98136516889536,1.0687989785435044,0.0011719025680636986,-0.011719025680636985,4,-0.5598828097431937,11.280109183009298,2,none,0
319,59.38371721733256,54.984199454152204,1.0732877112675698,0.20117190256806372,2.0,3,-0.03988280974319363,7.631784781103458,2,none,0
320,59.39367450895857,54.98561659678062,1.0755307508868222,0.10058595128403186,-1.0058595128403185,0,-0.04994140487159682,8.108651118760287,2,none,0
321,59.39865315477157,54.98632516809483,1.0766519293659238,0.05029297564201593,-0.5029297564201592,0,-0.004970702435798408,10.060659017812952,2,none,0
322,59.40114247767807,54.98667945375194,1.0772124320700058,0.025146487821007965,-0.2514648782100796,0,-0.007485351217899205,9.383370808116029,2,none,0
323,59.40238713913133,54.98685659658049,1.0774926616380043,0.012573243910503983,-0.1257324391050398,0,-0.008742675608949604,9.804530560110951,2,none,0
324,59.40300946985795,54.98694516799477,1.0776327709572284,0.006286621955251991,-0.0628662195525199,4,-0.5593713378044749,9.073442997885854,2,none,0
325,59.40332063522126,54.9869894537019,1.0777028242483055,0.0031433109776259956,-0.03143310977625995,0,-0.05968566890223741,10.513692314525004,2,none,0
326,59.40347621790292,54.987011596555476,1.0777378505514141,0.0015716554888129978,-0.015716554888129976,0,-0.009842834451118701,8.764233018290291,2,none,0
327,59.40355400924375,54.98702266798226,1.0777553636173258,0.0007858277444064989,-0.007858277444064988,0,-0.009921417225559353,9.042447669688645,2,none,0
328,59.40359290491416,54.98702820369565,1.0777641201288684,0.00039291387220324945,-0.003929138722032494,0,-0.009960708612779676,9.822848291966729,2,none,0
329,59.40361235274937,54.98703097155234,1.077768498379284,0.00019645693610162473,-0.001964569361016247,2,-0.059980354306389844,9.249933015514367,2,none,0
330,59.4061066222418,54.98738596121794,1.0783299984001662,0.025196456936101626,0.25,1,-0.05748035430638984,9.562007233139552,2,none,0
331,59.407353756988016,54.98756345605073,1.078610726282505,0.012598228468050813,-0.12598228468050812,0,-0.05874017715319492,9.178151492166025,2,none,0
332,59.40797732436112,54.98765220346713,1.0787510846727981,0.0062991142340254064,-0.06299114234025406,0,-0.009370088576597461,8.086623483708678,2,none,0
333,59.42839946499202,54.990558725354674,1.0833458109199723,0.20629911423402542,2.0,3,-0.03937008857659746,6.879127339654217,2,none,0
334,59.43861053530747,54.992011986298444,1.0856416237534308,0.10314955711701271,-1.031495571170127,0,-0.04968504428829873,7.299734372654828,2,none,0
335,59.446346783965694,54.993113025433324,1.087380300662524,0.07814955711701271,-0.24999999999999994,2,-0.05218504428829873,8.023342581359678,2,none,0
336,59.456557854281144,54.99456628637709,1.0896742262884613,0.10314955711701271,0.24999999999999994,1,-0.04968504428829873,6.773926833544636,2,none,0
337,59.46166338943887,54.99529291684898,1.0908207758268496,0.051574778558506354,-0.5157477855850635,0,-0.05484252214414937,7.847240058464017,2,none,0
338,59.46421615701773,54.995656232084926,1.0913939460020834,0.025787389279253177,-0.25787389279253176,0,-0.007421261072074684,8.4360408693,2,none,0
339,59.46549254080716,54.99583788970289,1.0916805047820233,0.012893694639626588,-0.12893694639626588,0,-0.008710630536037343,7.317601730453597,2,none,0
340,59.46613073270188,54.99592871851188,1.0918237775751856,0.006446847319813294,-0.06446847319813294,0,-0.009355315268018673,7.416144634580026,2,none,0
341,59.48656749785439,54.99883732179201,1.0964094297750626,0.2064468473198133,2.0,3,-0.03935531526801867,5.681453413103096,2,none,0
342,59.50947908466412,55.00209814688104,1.1015447874534956,0.2314468473198133,0.24999999999999994,1,-0.036855315268018676,5.795579374575894,2,none,0
343,59.520934878068985,55.003728559425554,1.1041101680888006,0.11572342365990665,-1.1572342365990664,0,-0.04842765763400934,7.057161959313362,2,none,0
344,59.52666277477142,55.004543765697804,1.1053922696848322,0.057861711829953325,-0.5786171182995332,0,-0.004213828817004669,7.4470145700817065,2,none,0
345,59.52952672312263,55.004951368833936,1.1060331715373248,0.028930855914976662,-0.2893085591497666,0,-0.007106914408502335,7.798665459960102,2,none,0
346,59.53486549313107,55.00571119377896,1.1072276281960503,0.053930855914976664,0.25,1,-0.054606914408502336,7.313869409210454,2,none,0
347,59.53753487813529,55.00609110625147,1.1078247252378395,0.026965427957488332,-0.2696542795748833,4,-0.5573034572042512,6.388331842227308,2,none,0
348,59.5388695706374,55.00628106248772,1.108123240758996,0.013482713978744166,-0.13482713978744165,0,-0.058651728602125586,6.7666501796092025,2,none,0
349,59.53953691688846,55.00637604060585,1.1082724902474275,0.006741356989372083,-0.06741356989372083,0,-0.009325864301062794,6.635168379262611,2,none,0
350,59.53987059001398,55.006423529664914,1.1083471129208322,0.0033706784946860415,-0.03370678494686041,0,-0.009662932150531397,6.983348674310424,2,none,0
351,59.54267908479674,55.00682324053287,1.1089751499942389,0.028370678494686042,0.25,1,-0.0571629321505314,6.6190867055727125,2,none,0
352,59.54408333218811,55.00702309596685,1.1092891316789237,0.014185339247343021,-0.1418533924734302,0,-0.0585814660752657,6.162022034469464,2,none,0
353,59.5447854558838,55.00712302368384,1.1094461132824394,0.0070926696236715105,-0.0709266962367151,0,-0.00929073303763285,6.832013140349884,2,none,0
354,59.54796240123671,55.00757517320972,1.1101563410722581,0.032092669623671514,0.25000000000000006,1,-0.05679073303763285,5.997695377528441,2,none,0
355,59.553614168246845,55.008379544544496,1.111419517781587,0.057092669623671516,0.25,1,-0.00429073303763285,5.911955439732513,2,none,0
356,59.55644005175191,55.008781730211886,1.1120509542305543,0.028546334811835758,-0.28546334811835755,0,-0.05714536651881643,6.408316140747655,2,none,0
357,59.57906450851477,55.01200169035042,1.1171026169972709,0.22854633481183578,2.0,3,-0.037145366518816426,5.120137443283956,2,none,0
358,59.590376736896204,55.013611670419685,1.1196259223163076,0.11427316740591789,-1.1427316740591789,0,-0.048572683259408216,5.247333011981487,2,none,0
359,59.59603285108692,55.014416660454316,1.1208869301410893,0.057136583702958946,-0.5713658370295894,4,-0.5542863416297041,5.20480802319347,2,none,0
360,59.598860908182274,55.014819155471635,1.1215172711865347,0.028568291851479473,-0.2856829185147947,0,-0.057143170814852054,5.667319614217912,2,none,0
361,59.621487538535426,55.0180394249601,1.1265565121984886,0.22856829185147948,2.0,3,-0.03714317081485206,4.377996349587089,2,none,0
362,59.632800853712,55.019649559704334,1.1290734359090506,0.11428414592573974,-1.1428414592573972,0,-0.04857158540742603,4.984961970778901,2,none,0
363,59.64163934723135,55.02090747263967,1.1310384977886025,0.08928414592573974,-0.24999999999999994,2,-0.051071585407426026,4.820436057375696,2,none,0
364,59.65295266240792,55.022517607383904,1.133552127225392,0.11428414592573974,0.24999999999999994,1,-0.04857158540742603,4.368065477473036,2,none,0
365,59.65860931999621,55.02332267475602,1.1348082347719095,0.05714207296286987,-0.5714207296286986,0,-0.05428579270371302,5.181691385189864,2,none,0
366,59.661437648790354,55.02372520844207,1.1354361101342512,0.028571036481434935,-0.2857103648143493,0,-0.0071428963518565085,5.090581597352589,2,none,0
367,59.66285181318742,55.0239264752851,1.1357500030108976,0.014285518240717467,-0.14285518240717465,0,-0.008571448175928255,4.8054741323927495,2,none,0
368,59.66355889538596,55.02402710870662,1.1359069382228957,0.007142759120358734,-0.07142759120358733,0,-0.009285724087964128,5.300941290740591,2,none,0
369,59.66391243648523,55.024077425417374,1.1359854030191654,0.003571379560179367,-0.03571379560179366,0,-0.009642862043982065,5.227324536074266,2,none,0
370,59.68406455084229,55.02694551659928,1.1404548306409592,0.20357137956017937,2.0,3,-0.03964286204398207,3.740372136926002,2,none,0
371,59.69414060802082,55.02837956219023,1.1426872089123257,0.10178568978008969,-1.0178568978008968,0,-0.04982143102199103,4.40569196425959,2,none,0
372,59.699178636610085,55.02909658498571,1.1438028051422289,0.05089284489004484,-0.5089284489004484,0,-0.004910715510995517,4.247184630547438,2,none,0
373,59.70669148685657,55.030165829590075,1.1454656723408483,0.07589284489004484,0.25,1,-0.05241071551099552,3.7142042191625793,2,none,0
374,59.71044791197981,55.03070045189226,1.1462967708162015,0.03794642244502242,-0.3794642244502242,0,-0.05620535775549776,4.394763732298079,2,none,0
375,59.716679158760286,55.03158729600334,1.147674920299066,0.06294642244502242,0.25,1,-0.053705357755497764,3.9444235366025766,2,none,0
376,59.74270897879854,55.035291914585564,1.1534250745695829,0.2629464224450224,2.0,3,-0.03370535775549776,2.9015832786630527,2,none,0
377,59.788537372094595,55.04181430763893,1.1635213637651656,0.46294642244502243,2.0,3,0.03629464224450225,2.5724638260645363,2,none,0
378,59.81145156874262,55.04507550416562,1.1685558728155847,0.23147321122251122,-2.314732112225112,0,-0.03685267887774888,2.937323712291329,2,none,0
379,59.83684058704787,55.0486889225012,1.174123144174521,0.2564732112225112,0.24999999999999994,1,-0.034352678877748885,2.5910344423215745,2,none,0
380,59.86470442701034,55.05265456264567,1.180219446638464,0.28147321122251123,0.2500000000000002,1,0.018147321122251123,2.5763022995789755,2,none,0
381,59.87863634699158,55.05463738271791,1.1832621221112247,0.14073660561125562,-1.407366056112556,0,-0.04592633943887444,2.7587155367278053,2,none,0
382,59.88560230698219,55.05562879275402,1.184782069135972,0.07036830280562781,-0.703683028056278,0,-0.0029631697194372206,2.795502121082446,2,none,0
383,59.889085286977505,55.05612449777208,1.185541692269141,0.035184151402813904,-0.351841514028139,0,-0.006481584859718611,3.3183988030657794,2,none,0
384,59.912366840230604,55.05943797726129,1.190613237423983,0.2351841514028139,2.0,3,-0.03648158485971861,2.3406239384894074,2,none,0
385,59.92400761685715,55.061094717005886,1.1931450078392176,0.11759207570140695,-1.1759207570140695,0,-0.048240792429859305,2.6270496021590746,2,none,0
386,59.92982800517043,55.06192308687819,1.194409880152183,0.058796037850703475,-0.5879603785070348,0,-0.004120396214929654,2.4935235330945655,2,none,0
387,59.93273819932707,55.06233727181434,1.195042061550882,0.029398018925351738,-0.2939801892535174,0,-0.007060198107464828,2.5196753008403694,2,none,0
388,59.93419329640538,55.06254436428242,1.1953580883696597,0.014699009462675869,-0.1469900946267587,0,-0.008530099053732415,2.9878868491239436,2,none,0
389,59.93492084494454,55.06264791051645,1.1955160857850538,0.007349504731337934,-0.07349504731337934,0,-0.009265049526866208,2.7265231108335106,2,none,0
390,59.93528461921412,55.062699683633475,1.1955950804912727,0.003674752365668967,-0.03674752365668967,0,-0.009632524763433105,2.748655594224881,2,none,0
391,59.93546650634892,55.06272557019198,1.1956345768436427,0.0018373761828344836,-0.018373761828344836,0,-0.009816262381716553,2.7121561007459056,2,none,0
392,59.93555744991631,55.06273851347124,1.1956543247695934,0.0009186880914172418,-0.009186880914172418,0,-0.009908131190858278,2.4133614732167543,2,none,0
393,59.93812321514093,55.063103678559386,1.1962113986348815,0.025918688091417244,0.25,1,-0.05740813119085828,2.1733465099106697,2,none,0
394,59.94316380202277,55.06382106545642,1.197305413025131,0.050918688091417245,0.25,1,-0.004908131190858277,2.2967027244589446,2,none,0
395,59.94568409546369,55.06417975890495,1.1978522268866518,0.025459344045708623,-0.2545934404570862,0,-0.05745406559542914,2.235074837275461,2,none,0
396,59.95067921056184,55.06489067416236,1.19893560659828,0.05045934404570862,0.24999999999999997,1,-0.05495406559542914,1.8997137417339953,2,none,0
397,59.9581491473172,55.06595381122867,1.2005547928285092,0.07545934404570862,0.24999999999999994,1,-0.00245406559542914,1.8654988203365006,2,none,0
398,59.961884115694886,55.06648537976182,1.2013639560019294,0.03772967202285431,-0.37729672022854305,0,-0.05622703279771457,1.640340213061077,2,none,0
399,59.96375159988373,55.066751164028396,1.2017684297062758,0.018864836011427154,-0.18864836011427152,0,-0.008113516398857287,1.7476061047341624,2,none,0
400,59.964685341978154,55.06688405616169,1.20197063953835,0.009432418005713577,-0.09432418005713576,0,-0.009056758199428644,1.800126956699152,2,none,0
401,59.96515221302536,55.06695050222833,1.2020717376931804,0.0047162090028567884,-0.04716209002856788,0,-0.009528379099714324,1.772292393438358,2,none,0
402,59.96538564854897,55.06698372526165,1.2021222850795232,0.0023581045014283942,-0.02358104501428394,0,-0.009764189549857163,1.469726005534242,2,none,0
403,59.96550236631077,55.067000336778314,1.2021475583498287,0.0011790522507141971,-0.01179052250714197,0,-0.009882094774928582,1.4939784161729737,2,none,0
404,59.96556072519167,55.06700864253664,1.2021601948792535,0.0005895261253570986,-0.005895261253570985,0,-0.009941047387464291,1.2811039157571191,2,none,0
405,59.98541765733036,55.069834722766124,1.206121011913043,0.2005895261253571,2.0,3,-0.03994104738746429,0.9489668043609198,2,none,0
406,60.00774941112628,55.07301302480449,1.208409816041281,0.2255895261253571,0.24999999999999994,1,-0.037441047387464295,0.8778789078992555,2,none,0
407,60.01891528802424,55.07460217582368,1.209554301034718,0.11279476306267855,-1.1279476306267855,0,-0.04872052369373215,1.0073089595320186,2,none,0
408,60.03255598657942,55.076543548651756,1.2109525207006142,0.13779476306267854,0.24999999999999994,1,-0.04622052369373215,0.8081651402214426,2,none,0
409,60.039376335857014,55.07751423506579,1.2116516575336913,0.06889738153133927,-0.6889738153133926,4,-0.5531102618468661,0.7698105275592049,2,none,0
410,60.04278651049581,55.07799957827282,1.2120012324015477,0.034448690765669636,-0.3444869076566963,0,-0.05655513092343304,0.7976465102438334,2,none,0
411,60.0444915978152,55.078242249876325,1.2121760214109591,0.017224345382834818,-0.17224345382834816,0,-0.00827756546171652,0.7948799597895975,2,none,0
412,60.04534414147491,55.078363585678076,1.2122634163048716,0.008612172691417409,-0.08612172691417408,0,-0.009138782730858261,0.7330410985040692,2,none,0
413,60.04577041330475,55.07842425357896,1.2123071138485402,0.0043060863457087045,-0.04306086345708704,0,-0.009569391365429131,0.5783891614368905,2,none,0
414,60.04867150679183,55.07883714328873,1.212604509487565,0.029306086345708707,0.25,1,-0.057069391365429135,0.5113706162006934,2,none,0
415,60.05012205353536,55.07904358814361,1.212753208406727,0.014653043172854353,-0.14653043172854352,0,-0.05853469568271457,0.47159627336784504,2,none,0
416,60.07137117353669,55.08206780746964,1.2149315846998632,0.21465304317285436,2.0,3,-0.038534695682714566,0.34053922989750635,2,none,0
417,60.11241886679581,55.087909801266825,1.219139996406914,0.41465304317285434,1.9999999999999998,3,0.031465304317285434,0.19532118330542833,2,none,0
418,60.13294271342537,55.09083079816541,1.2212443443021208,0.20732652158642717,-2.0732652158642715,0,-0.039267347841357284,0.1897636057621206,2,none,0
419,60.17326513331272,55.09656956953515,1.2253788624519508,0.4073265215864272,2.0,3,-0.019267347841357287,0.11562850051542059,2,none,0
420,60.19342634325639,55.099438955220016,1.2274461784682456,0.2036632607932136,-2.0366326079321357,0,-0.039633673920678646,0.09617791332124054,2,none,0
421,60.23338612645786,55.10512611537603,1.2315436514599876,0.4036632607932136,1.9999999999999998,3,-0.019633673920678642,0.027967459622728945,2,none,0
422,60.27582073131655,55.111165497340934,1.235894800665859,0.4286632607932136,0.2500000000000002,1,-20.01713367392068,0.0,2,none,1
